{
    "metadata": {
        "last_modified": "2025-01-12T17:37:20.707867",
        "last_modified_by": "growmaster42",
        "parameters": {
            "spin": 0.5,
            "num_spins": 9,
            "j_ij": 1
        }
    },
    "(0.5, 9, 1.0, 2)": [
        -24.2950881239,
        -24.2950881239,
        -21.698171351,
        -21.698171351,
        -21.698171351,
        -21.698171351,
        -19.3693657887,
        -19.3693657887,
        -19.3693657887,
        -19.3693657887,
        -17.7014730889,
        -17.7014730889,
        -16.6672217613,
        -16.6672217613,
        -16.5258527982,
        -16.5258527982,
        -16.5258527982,
        -16.5258527982,
        -16.3546509875,
        -16.3546509875,
        -16.3546509875,
        -16.3546509875,
        -15.6105651887,
        -15.6105651887,
        -15.5662198178,
        -15.5662198178,
        -15.5662198178,
        -15.5662198178,
        -15.4546550584,
        -15.4546550584,
        -15.4546550584,
        -15.4546550584,
        -14.0473692401,
        -14.0473692401,
        -13.9215098521,
        -13.9215098521,
        -13.4978458167,
        -13.4978458167,
        -13.4978458167,
        -13.4978458167,
        -13.4696192573,
        -13.4696192573,
        -13.4696192573,
        -13.4696192573,
        -12.9113340928,
        -12.9113340928,
        -12.9113340928,
        -12.9113340928,
        -12.201554177,
        -12.201554177,
        -12.071237346,
        -12.071237346,
        -12.071237346,
        -12.071237346,
        -11.7613495016,
        -11.7613495016,
        -11.7613495016,
        -11.7613495016,
        -11.7565106384,
        -11.7565106384,
        -11.7565106384,
        -11.7565106384,
        -10.9539673607,
        -10.9539673607,
        -10.8878248996,
        -10.8878248996,
        -10.8878248996,
        -10.8878248996,
        -10.2438734392,
        -10.2438734392,
        -10.2438734392,
        -10.2438734392,
        -10.2317274488,
        -10.2317274488,
        -10.2317274488,
        -10.2317274488,
        -9.5033750184,
        -9.5033750184,
        -9.5033750184,
        -9.5033750184,
        -9.1724561599,
        -9.1724561599,
        -9.1724561599,
        -9.1724561599,
        -8.9057598016,
        -8.9057598016,
        -8.9057598016,
        -8.9057598016,
        -8.6058187769,
        -8.6058187769,
        -8.6058187769,
        -8.6058187769,
        -8.4500452034,
        -8.4500452034,
        -8.4500452034,
        -8.4500452034,
        -8.2714923479,
        -8.2714923479,
        -8.2714923479,
        -8.2714923479,
        -8.1531376244,
        -8.1531376244,
        -8.1531376244,
        -8.1531376244,
        -8.0441155826,
        -8.0441155826,
        -8.0441155826,
        -8.0441155826,
        -7.817467004,
        -7.817467004,
        -7.817467004,
        -7.817467004,
        -7.3517552021,
        -7.3517552021,
        -7.3517552021,
        -7.3517552021,
        -7.1486435545,
        -7.1486435545,
        -7.1486435545,
        -7.1486435545,
        -6.3616840727,
        -6.3616840727,
        -6.2107420727,
        -6.2107420727,
        -6.2107420727,
        -6.2107420727,
        -6.125241523,
        -6.125241523,
        -6.125241523,
        -6.125241523,
        -5.73984971,
        -5.73984971,
        -5.7340713237,
        -5.7340713237,
        -5.7340713237,
        -5.7340713237,
        -5.5629892834,
        -5.5629892834,
        -5.5629892834,
        -5.5629892834,
        -5.4989948079,
        -5.4989948079,
        -5.4989948079,
        -5.4989948079,
        -5.4541800638,
        -5.4541800638,
        -5.4541800638,
        -5.4541800638,
        -5.4014971884,
        -5.4014971884,
        -5.4014971884,
        -5.4014971884,
        -5.128878419,
        -5.128878419,
        -5.128878419,
        -5.128878419,
        -4.890734235,
        -4.890734235,
        -4.8844730499,
        -4.8844730499,
        -4.8844730499,
        -4.8844730499,
        -4.730195547,
        -4.730195547,
        -4.730195547,
        -4.730195547,
        -4.587085752,
        -4.587085752,
        -4.587085752,
        -4.587085752,
        -4.4700942194,
        -4.4700942194,
        -4.4700942194,
        -4.4700942194,
        -4.3802712946,
        -4.3802712946,
        -4.3802712946,
        -4.3802712946,
        -4.3098678945,
        -4.3098678945,
        -4.3098678945,
        -4.3098678945,
        -4.0266049073,
        -4.0266049073,
        -4.0266049073,
        -4.0266049073,
        -4.0071177654,
        -4.0071177654,
        -3.8878073614,
        -3.8878073614,
        -3.8878073614,
        -3.8878073614,
        -3.8848109776,
        -3.8848109776,
        -3.8848109776,
        -3.8848109776,
        -3.2723187882,
        -3.2723187882,
        -3.2723187882,
        -3.2723187882,
        -3.1819871733,
        -3.1819871733,
        -3.1819871733,
        -3.1819871733,
        -2.6630465279,
        -2.6630465279,
        -2.6630465279,
        -2.6630465279,
        -2.3809812837,
        -2.3809812837,
        -2.3809812837,
        -2.3809812837,
        -2.2809302525,
        -2.2809302525,
        -2.2809302525,
        -2.2809302525,
        -2.1608106609,
        -2.1608106609,
        -2.1608106609,
        -2.1608106609,
        -2.0632037701,
        -2.0632037701,
        -2.0632037701,
        -2.0632037701,
        -2.0342516957,
        -2.0342516957,
        -2.0342516957,
        -2.0342516957,
        -1.6280606722,
        -1.6280606722,
        -1.6280606722,
        -1.6280606722,
        -0.8681729248,
        -0.8681729248,
        -0.8681729248,
        -0.8681729248,
        -0.4172767862,
        -0.4172767862,
        -0.4172767862,
        -0.4172767862,
        -0.2108206478,
        -0.2108206478,
        -0.2108206478,
        -0.2108206478,
        -0.1654960946,
        -0.1654960946,
        -0.1654960946,
        -0.1654960946,
        -0.1028550079,
        -0.1028550079,
        -0.1028550079,
        -0.1028550079,
        -0.0016685785,
        -0.0016685785,
        -0.0016685785,
        -0.0016685785,
        0.2002635285,
        0.2002635285,
        0.219606276,
        0.219606276,
        0.219606276,
        0.219606276,
        0.3377773796,
        0.3377773796,
        0.3377773796,
        0.3377773796,
        0.3434515759,
        0.3434515759,
        0.3434515759,
        0.3434515759,
        0.4160285117,
        0.4160285117,
        0.4160285117,
        0.4160285117,
        0.5318131903,
        0.5318131903,
        0.5318131903,
        0.5318131903,
        0.615821188,
        0.615821188,
        0.9879100499,
        0.9879100499,
        0.9879100499,
        0.9879100499,
        1.4683457349,
        1.4683457349,
        1.5559706592,
        1.5559706592,
        1.5559706592,
        1.5559706592,
        1.9667290272,
        1.9667290272,
        1.9667290272,
        1.9667290272,
        2.1222844735,
        2.1222844735,
        2.1222844735,
        2.1222844735,
        2.392095058,
        2.392095058,
        2.392095058,
        2.392095058,
        2.3962410982,
        2.3962410982,
        2.3962410982,
        2.3962410982,
        2.5922662902,
        2.5922662902,
        2.5922662902,
        2.5922662902,
        2.657211256,
        2.657211256,
        2.657211256,
        2.657211256,
        2.9067187241,
        2.9067187241,
        2.9067187241,
        2.9067187241,
        3.1993653661,
        3.1993653661,
        3.1993653661,
        3.1993653661,
        3.6032112313,
        3.6032112313,
        3.6032112313,
        3.6032112313,
        3.6222446228,
        3.6222446228,
        3.6222446228,
        3.6222446228,
        4.0135042113,
        4.0135042113,
        4.0135042113,
        4.0135042113,
        4.1796628194,
        4.1796628194,
        4.1796628194,
        4.1796628194,
