{
    "metadata": {
        "last_modified": "2025-01-12T18:27:22.885760",
        "last_modified_by": "growmaster42",
        "parameters": {
            "spin": 1,
            "num_spins": 2,
            "j_ij": 1
        }
    },
    "(1.0, 2, 1.0, 2)": [
        -4.622944725,
        -4.622944725,
        -3.6885276375,
        -3.6885276375,
        -3.3940842929,
        3.6885276375,
        3.6885276375,
        4.622944725,
        8.0170290179
    ]
}