{
    "metadata": {
        "last_modified": "2025-01-12T19:20:59.609151",
        "last_modified_by": "growmaster42",
        "parameters": {
            "spin": 2.5,
            "num_spins": 2,
            "j_ij": 1
        }
    },
    "(2.5, 2, 1.0, 2)": [
        -28.8934045312,
        -28.8934045312,
        -26.5573618125,
        -26.5573618125,
        -24.7469124714,
        -24.7469124714,
        -23.4567159993,
        -23.4567159993,
        -22.6836961567,
        -22.6836961567,
        -22.4261964946,
        -8.114723625,
        -8.114723625,
        -5.7786809062,
        -5.7786809062,
        -4.1417511948,
        -4.1417511948,
        -3.1681386139,
        -3.1681386139,
        -2.8451119923,
        8.5666059339,
        8.5666059339,
        11.0140778118,
        11.0140778118,
        12.3604489257,
        12.3604489257,
        12.8159575968,
        21.2073341073,
        21.2073341073,
        23.9713898764,
        23.9713898764,
        24.3834641267,
        29.9707623123,
        29.9707623123,
        33.4626308729,
        35.510788578
    ]
}