{
    "metadata": {
        "last_modified": "2025-01-12T19:36:08.348122",
        "last_modified_by": "growmaster42",
        "parameters": {
            "spin": 2.5,
            "num_spins": 2,
            "j_ij": -1
        }
    },
    "(2.5, 2, -1.0, 1)": [
        -35.3836001741,
        -32.2474004389,
        -32.2474004389,
        -28.8584195876,
        -24.8504230278,
        -24.8504230278,
        -22.1430665129,
        -22.1430665129,
        -20.8599681031,
        -13.4454368945,
        -13.4454368945,
        -11.0129111429,
        -11.0129111429,
        -9.4599298054,
        -9.4599298054,
        -8.9058244211,
        1.885276375,
        1.885276375,
        4.2213190938,
        4.2213190938,
        5.9160059403,
        5.9160059403,
        6.9463177754,
        6.9463177754,
        7.2927089897,
        21.1065954688,
        21.1065954688,
        23.4426381875,
        23.4426381875,
        25.265130357,
        25.265130357,
        26.5702729554,
        26.5702729554,
        27.3548453256,
        27.3548453256,
        27.6166359837
    ]
}