{
    "metadata": {
        "last_modified": "2025-01-12T19:21:04.596775",
        "last_modified_by": "growmaster42",
        "parameters": {
            "spin": 2.5,
            "num_spins": 3,
            "j_ij": 1
        }
    },
    "(2.5, 3, 1.0, 2)": [
        -42.9222868786,
        -42.9222868786,
        -42.4048885291,
        -42.4048885291,
        -41.3740724982,
        -41.3740724982,
        -39.8260737166,
        -39.8260737166,
        -37.7655789342,
        -37.7655789342,
        -35.1915443263,
        -35.1915443263,
        -32.1054360735,
        -32.1054360735,
        -28.5087139661,
        -28.5087139661,
        -27.0377865491,
        -27.0377865491,
        -26.9085329518,
        -26.9085329518,
        -26.4316689207,
        -26.4316689207,
        -26.4041466504,
        -26.4041466504,
        -25.3090196589,
        -25.3090196589,
        -25.3090196589,
        -25.3090196589,
        -23.6376985169,
        -23.6376985169,
        -23.6310116895,
        -23.6310116895,
        -21.4263146344,
        -21.4263146344,
        -21.398184804,
        -21.398184804,
        -18.6624898186,
        -18.6624898186,
        -18.6088459685,
        -18.6088459685,
        -15.3302641825,
        -15.3302641825,
        -15.2851741796,
        -15.2851741796,
        -13.3123342258,
        -13.3123342258,
        -13.0095718479,
        -13.0095718479,
        -13.0095718479,
        -13.0095718479,
        -12.4900390188,
        -12.4900390188,
        -12.4900390188,
        -12.4900390188,
        -12.2991335162,
        -12.2991335162,
        -11.3566299853,
        -11.3566299853,
        -11.3566299853,
        -11.3566299853,
        -11.126709911,
        -11.126709911,
        -9.5019398967,
        -9.5019398967,
        -9.416263607,
        -9.416263607,
        -9.416263607,
        -9.416263607,
        -7.2101748817,
        -7.2101748817,
        -6.92457668,
        -6.92457668,
        -6.92457668,
        -6.92457668,
        -4.246849265,
        -4.246849265,
        -3.844695336,
        -3.844695336,
        -3.844695336,
        -3.844695336,
        -1.6529746118,
        -1.6529746118,
        -1.6529746118,
        -1.6529746118,
        -1.3356034837,
        -1.3356034837,
        -1.3356034837,
        -1.3356034837,
        -0.7455380037,
        -0.7455380037,
        -0.2134664497,
        -0.2134664497,
        -0.2134664497,
        -0.2134664497,
        -0.2095273371,
        -0.2095273371,
        0.5680009638,
        0.5680009638,
        0.5680009638,
        0.5680009638,
        0.7578526218,
        0.7578526218,
        1.4552574076,
        1.4552574076,
        2.5479625891,
        2.5479625891,
        2.6887240703,
        2.6887240703,
        2.6887240703,
        2.6887240703,
        3.1177846609,
        3.1177846609,
        4.4968048746,
        4.4968048746,
        5.5762753975,
        5.5762753975,
        5.5762753975,
        5.5762753975,
        6.1556654493,
        6.1556654493,
        7.2850375538,
        7.2850375538,
        7.2850375538,
        7.2850375538,
        8.1876330789,
        8.1876330789,
        8.2290831189,
        8.2290831189,
        8.2290831189,
        8.2290831189,
        8.8007126549,
        8.8007126549,
        9.4658169324,
        9.4658169324,
        9.4658169324,
        9.4658169324,
        10.1172544563,
        10.1172544563,
        10.1172544563,
        10.1172544563,
        10.5511004678,
        10.5511004678,
        10.5511004678,
        10.5511004678,
        10.8470279674,
        10.8470279674,
        11.0317909204,
        11.0317909204,
        11.6094156518,
        11.6094156518,
        12.8641485198,
        12.8641485198,
        12.8641485198,
        12.8641485198,
        12.9729879843,
        12.9729879843,
        12.9729879843,
        12.9729879843,
        13.3960922964,
        13.3960922964,
        13.5653242516,
        13.5653242516,
        14.0262376341,
        14.0262376341,
        15.1833219656,
        15.1833219656,
        15.1833219656,
        15.1833219656,
        15.743216191,
        15.743216191,
        16.0355387895,
        16.0355387895,
        16.7157413416,
        16.7157413416,
        16.7157413416,
        16.7157413416,
        16.9488117107,
        16.9488117107,
        16.9488117107,
        16.9488117107,
        17.5267403073,
        17.5267403073,
        19.1550579808,
        19.1550579808,
        19.1550579808,
        19.1550579808,
        19.3004286692,
        19.3004286692,
        19.3004286692,
        19.3004286692,
        20.1380711692,
        20.1380711692,
        20.5383892428,
        20.5383892428,
        20.5383892428,
        20.5383892428,
        20.7205348974,
        20.7205348974,
        20.7205348974,
        20.7205348974,
        22.6639159379,
        22.6639159379,
        22.6639159379,
        22.6639159379,
        24.4030749905,
        24.4030749905,
        24.4030749905,
        24.4030749905,
        24.703378795,
        24.703378795,
        24.703378795,
        24.703378795,
        26.9386518373,
        26.9386518373,
        26.9386518373,
        26.9386518373
    ]
}