{
    "metadata": {
        "last_modified": "2025-01-12T19:36:17.203379",
        "last_modified_by": "growmaster42",
        "parameters": {
            "spin": 2.5,
            "num_spins": 3,
            "j_ij": -1
        }
    },
    "(2.5, 3, -1.0, 4)": [
        -25.8017905885,
        -25.8017905885,
        -25.8017905885,
        -25.8017905885,
        -24.9318458102,
        -24.9318458102,
        -24.5180800856,
        -24.5180800856,
        -22.8094373352,
        -22.8094373352,
        -22.8094373352,
        -22.8094373352,
        -22.3461671912,
        -22.3461671912,
        -22.3461671912,
        -22.3461671912,
        -22.2719279417,
        -22.2719279417,
        -21.9500369827,
        -21.9500369827,
        -21.9500369827,
        -21.9500369827,
        -19.6037760501,
        -19.6037760501,
        -19.6037760501,
        -19.6037760501,
        -18.4908007716,
        -18.4908007716,
        -18.4908007716,
        -18.4908007716,
        -18.3623061791,
        -18.3623061791,
        -18.3623061791,
        -18.3623061791,
        -17.912021431,
        -17.912021431,
        -17.7813704093,
        -17.7813704093,
        -17.7813704093,
        -17.7813704093,
        -17.1759927584,
        -17.1759927584,
        -16.7288725542,
        -16.7288725542,
        -16.7288725542,
        -16.7288725542,
        -16.3265643184,
        -16.3265643184,
        -15.7596201493,
        -15.7596201493,
        -15.7596201493,
        -15.7596201493,
        -15.1434139717,
        -15.1434139717,
        -15.1434139717,
        -15.1434139717,
        -13.0130627483,
        -13.0130627483,
        -12.7946840159,
        -12.7946840159,
        -12.7316259453,
        -12.7316259453,
        -11.960767082,
        -11.960767082,
        -11.960767082,
        -11.960767082,
        -11.7535667683,
        -11.7535667683,
        -11.0222917406,
        -11.0222917406,
        -11.0222917406,
        -11.0222917406,
        -10.3296648488,
        -10.3296648488,
        -10.3296648488,
        -10.3296648488,
        -10.2803418651,
        -10.2803418651,
        -9.8855636988,
        -9.8855636988,
        -9.621170555,
        -9.621170555,
        -9.5925536198,
        -9.5925536198,
        -9.5925536198,
        -9.5925536198,
        -8.8074381897,
        -8.8074381897,
        -8.8074381897,
        -8.8074381897,
        -7.6302769193,
        -7.6302769193,
        -7.4783935304,
        -7.4783935304,
        -7.4783935304,
        -7.4783935304,
        -4.2896476654,
        -4.2896476654,
        -4.2173401849,
        -4.2173401849,
        -3.9499353313,
        -3.9499353313,
        -3.9499353313,
        -3.9499353313,
        -3.564014822,
        -3.564014822,
        -3.564014822,
        -3.564014822,
        -2.964341989,
        -2.964341989,
        -2.964341989,
        -2.964341989,
        -2.2547854043,
        -2.2547854043,
        -2.2547854043,
        -2.2547854043,
        -2.0644404846,
        -2.0644404846,
        -1.8276626374,
        -1.8276626374,
        -0.2940056254,
        -0.2940056254,
        -0.2940056254,
        -0.2940056254,
        -0.0176297488,
        -0.0176297488,
        0.2755760872,
        0.2755760872,
        2.0051959354,
        2.0051959354,
        2.0051959354,
        2.0051959354,
        2.7614114501,
        2.7614114501,
        2.7614114501,
        2.7614114501,
        5.9942488347,
        5.9942488347,
        5.9942488347,
        5.9942488347,
        6.1279743376,
        6.1279743376,
        6.6390181368,
        6.6390181368,
        6.6390181368,
        6.6390181368,
        6.8089698726,
        6.8089698726,
        7.723076139,
        7.723076139,
        7.8988017045,
        7.8988017045,
        7.9094425668,
        7.9094425668,
        9.613412278,
        9.613412278,
        9.613412278,
        9.613412278,
        9.7550121427,
        9.7550121427,
        11.9775265413,
        11.9775265413,
        11.9775265413,
        11.9775265413,
        12.1874538336,
        12.1874538336,
        14.7737065709,
        14.7737065709,
        15.1286961093,
        15.1286961093,
        15.1286961093,
        15.1286961093,
        18.0795918884,
        18.0795918884,
        18.16870393,
        18.16870393,
        18.6861184058,
        18.6861184058,
        18.6861184058,
        18.6861184058,
        19.7740437951,
        19.7740437951,
        19.7740437951,
        19.7740437951,
        21.4189013317,
        21.4189013317,
        21.4398001569,
        21.4398001569,
        23.6108347887,
        23.6108347887,
        23.6479569435,
        23.6479569435,
        26.3588127096,
        26.3588127096,
        26.4099278484,
        26.4099278484,
        29.6932173443,
        29.6932173443,
        29.6932173443,
        29.6932173443,
        32.1328791035,
        32.1328791035,
        32.6486827944,
        32.6486827944,
        33.6698501476,
        33.6698501476,
        35.2063382591,
        35.2063382591,
        37.2539841812,
        37.2539841812,
        39.8164465812,
        39.8164465812,
        42.8950185986,
        42.8950185986,
        46.4914941359,
        46.4914941359
    ]
}