{
    "metadata": {
        "last_modified": "2025-01-12T19:36:08.742042",
        "last_modified_by": "growmaster42",
        "parameters": {
            "spin": 1.5,
            "num_spins": 3,
            "j_ij": -1
        }
    },
    "(1.5, 3, -1.0, 4)": [
        -10.5523219458,
        -10.5523219458,
        -10.5523219458,
        -10.5523219458,
        -9.0130519767,
        -9.0130519767,
        -8.4101515495,
        -8.4101515495,
        -7.795622301,
        -7.795622301,
        -7.795622301,
        -7.795622301,
        -7.0601614258,
        -7.0601614258,
        -6.9189268398,
        -6.9189268398,
        -6.9189268398,
        -6.9189268398,
        -6.5536926341,
        -6.5536926341,
        -3.5622327075,
        -3.5622327075,
        -3.3406671855,
        -3.3406671855,
        -3.3406671855,
        -3.3406671855,
        -2.6211737491,
        -2.6211737491,
        -2.5833991968,
        -2.5833991968,
        -2.5833991968,
        -2.5833991968,
        -1.6044622323,
        -1.6044622323,
        -1.2444378317,
        -1.2444378317,
        -1.2444378317,
        -1.2444378317,
        2.9655680594,
        2.9655680594,
        3.0119508628,
        3.0119508628,
        3.5965996789,
        3.5965996789,
        3.6103990891,
        3.6103990891,
        4.8032776806,
        4.8032776806,
        4.8499717511,
        4.8499717511,
        6.6590302122,
        6.6590302122,
        6.6590302122,
        6.6590302122,
        11.3604253766,
        11.3604253766,
        11.8961487246,
        11.8961487246,
        12.9670301521,
        12.9670301521,
        14.5792629041,
        14.5792629041,
        16.7369821725,
        16.7369821725
    ]
}