{
    "metadata": {
        "last_modified": "2025-01-12T19:37:40.635002",
        "last_modified_by": "growmaster42",
        "parameters": {
            "spin": 0.5,
            "num_spins": 8,
            "j_ij": -1
        }
    },
    "(0.5, 8, -1.0, 1)": [
        -13.827680255,
        -13.7760303276,
        -12.7166218854,
        -12.7166218854,
        -10.5244305837,
        -10.5244305837,
        -9.5926614446,
        -9.5926614446,
        -9.5537903777,
        -9.5537903777,
        -9.5423488891,
        -9.5423488891,
        -9.5423488891,
        -9.5423488891,
        -8.8631440457,
        -8.8631440457,
        -8.6793332565,
        -8.6793332565,
        -8.6428578835,
        -8.6412432335,
        -8.6412432335,
        -8.6313224301,
        -8.6313224301,
        -8.6313224301,
        -8.6313224301,
        -8.3991905952,
        -8.3991905952,
        -8.2155964211,
        -8.2155964211,
        -8.1837119834,
        -8.1837119834,
        -8.1837119834,
        -8.1837119834,
        -8.1638429343,
        -8.1638429343,
        -8.0448609901,
        -8.0448609901,
        -8.0227943616,
        -8.0227943616,
        -8.0227943616,
        -8.0227943616,
        -7.7273262068,
        -7.7273262068,
        -7.7273262068,
        -7.7273262068,
        -7.5529453221,
        -7.5529453221,
        -7.1312477266,
        -7.1263117084,
        -7.1263117084,
        -7.1263117084,
        -7.1263117084,
        -6.6773004585,
        -6.6773004585,
        -6.6773004585,
        -6.6773004585,
        -5.8497350676,
        -5.8497350676,
        -5.4985883949,
        -5.4985883949,
        -5.4694420258,
        -5.4694420258,
        -5.4694420258,
        -5.4694420258,
        -5.4129922628,
        -5.4129922628,
        -5.4129922628,
        -5.4129922628,
        -4.875491601,
        -4.875491601,
        -4.7468512383,
        -4.7468512383,
        -4.7115194608,
        -4.5143026782,
        -4.5143026782,
        -4.4696260429,
        -4.4696260429,
        -4.043144794,
        -4.043144794,
        -3.9739694666,
        -3.9739694666,
        -3.9739694666,
        -3.9739694666,
        -3.739056405,
        -3.739056405,
        -3.5948544284,
        -3.5948544284,
        -3.5670021715,
        -3.5670021715,
        -3.5670021715,
        -3.5670021715,
        -3.5553714996,
        -3.5553714996,
        -3.5553714996,
        -3.5553714996,
        -3.5476323599,
        -3.5476323599,
        -3.5476323599,
        -3.5476323599,
        -3.514086769,
        -3.514086769,
        -3.514086769,
        -3.514086769,
        -3.2028014646,
        -3.2028014646,
        -3.2028014646,
        -3.2028014646,
        -2.9595750847,
        -2.9595750847,
        -2.9595750847,
        -2.9595750847,
        -2.7802193064,
        -2.7802193064,
        -2.7802193064,
        -2.7802193064,
        -2.6809767233,
        -2.6809767233,
        -2.1513569127,
        -1.3104194462,
        -1.3104194462,
        -0.9052381548,
        -0.5884098106,
        -0.5884098106,
        -0.5884098106,
        -0.5884098106,
        -0.0874810136,
        -0.0874810136,
        -0.0874810136,
        -0.0874810136,
        -0.0666699445,
        -0.0385904313,
        -0.031200838,
        0.1737082344,
        0.1737082344,
        0.1849898435,
        0.1849898435,
        0.2058210892,
        0.2058210892,
        0.3918993488,
        0.4539266663,
        0.4539266663,
        0.7171528362,
        0.7537042425,
        0.7537042425,
        0.7537042425,
        0.7537042425,
        0.7764629437,
        0.7764629437,
        0.7872292318,
        0.7872292318,
        0.895255924,
        0.895255924,
        0.895255924,
        0.895255924,
        1.7808001694,
        1.7808001694,
        1.7808001694,
        1.7808001694,
        2.2159991648,
        2.2282995569,
        2.2282995569,
        2.4991685629,
        2.4991685629,
        2.4991685629,
        2.4991685629,
        3.1402090906,
        3.1402090906,
        3.1402090906,
        3.1402090906,
        3.5476214257,
        3.5476214257,
        3.7670846888,
        3.7670846888,
        3.7778774221,
        3.7778774221,
        3.7778774221,
        3.7778774221,
        3.9117554236,
        3.9117554236,
        4.0215021845,
        4.0215021845,
        4.0215021845,
        4.0215021845,
        4.0395982959,
        4.0395982959,
        4.0395982959,
        4.0395982959,
        4.2113559935,
        4.2113559935,
        4.2113559935,
        4.2113559935,
        4.3941317721,
        4.3941317721,
        4.9958108588,
        4.9958108588,
        5.1372999109,
        5.2221988512,
        5.2221988512,
        5.2221988512,
        5.2221988512,
        5.4563480243,
        5.4563480243,
        5.4563480243,
        5.4563480243,
        5.8391438278,
        5.8391438278,
        7.0000762228,
        7.0000762228,
        7.0000762228,
        7.0000762228,
        7.4404977351,
        7.4404977351,
        7.4404977351,
        7.4404977351,
        7.6401557191,
        7.6401557191,
        8.0378540177,
        8.0378540177,
        8.0378540177,
        8.0378540177,
        8.1327990465,
        8.1327990465,
        8.1327990465,
        8.1327990465,
        8.458465537,
        8.458465537,
        8.6876926603,
        8.6876926603,
        8.6876926603,
        8.6876926603,
        8.7179646267,
        8.7179646267,
        9.1009311535,
        9.1009311535,
        9.386477304,
        9.7559647368,
        11.6826227511,
        11.6826227511,
        11.6826227511,
        11.6826227511,
        12.209296662,
        12.209296662,
        12.209296662,
        12.209296662,
        12.630067734,
        12.630067734,
        12.8387111208,
        13.3250234845,
        13.3250234845,
        13.3250234845,
        13.3250234845,
        16.4651909093,
        16.4651909093,
        19.327272377,
        19.327272377,
        21.1931078214
    ]
}