{
    "metadata": {
        "last_modified": "2025-01-12T19:36:11.025398",
        "last_modified_by": "growmaster42",
        "parameters": {
            "spin": 2.0,
            "num_spins": 3,
            "j_ij": -1
        }
    },
    "(2.0, 3, -1.0, 1)": [
        -18.0970298799,
        -17.3805082144,
        -17.0582076365,
        -16.2506308781,
        -16.2506308781,
        -15.7107412264,
        -15.7107412264,
        -15.6197268305,
        -15.6197268305,
        -15.4895712819,
        -15.3623955009,
        -15.1760017444,
        -13.3660697827,
        -13.2643653039,
        -13.2020820934,
        -12.6346724242,
        -12.6346724242,
        -12.6085124767,
        -12.6085124767,
        -12.5003813515,
        -12.4495750542,
        -12.4495750542,
        -12.2721076365,
        -12.2721076365,
        -12.0405766231,
        -11.7052261342,
        -11.2927189844,
        -11.2927189844,
        -10.7916129902,
        -10.7916129902,
        -10.7271213028,
        -10.7271213028,
        -10.6661256581,
        -10.2780439281,
        -10.2780439281,
        -7.7687756196,
        -7.7687756196,
        -7.2833202346,
        -7.2833202346,
        -7.1804319839,
        -7.1804319839,
        -6.9482003105,
        -6.9482003105,
        -6.8713510357,
        -6.8713510357,
        -6.3264823994,
        -6.1163563917,
        -6.023439002,
        -5.856707218,
        -5.856707218,
        -5.6708402666,
        -5.6708402666,
        -5.5922301971,
        -5.5922301971,
        -5.5020267393,
        -5.5020267393,
        -4.8711989325,
        -4.4425498839,
        -4.4118635924,
        -4.4118635924,
        -3.8837068986,
        -3.8837068986,
        -3.5029663696,
        -0.1975779867,
        -0.098150684,
        0.0138313933,
        0.0906739971,
        0.0906739971,
        0.1159556356,
        0.2916322192,
        0.2916322192,
        0.554680676,
        1.1030986399,
        1.1030986399,
        1.1734242973,
        1.1734242973,
        1.2827938671,
        1.4162318028,
        2.6031617859,
        2.6031617859,
        2.8285299544,
        2.8285299544,
        2.8531486941,
        3.0890598112,
        4.7325719766,
        4.7963652301,
        5.0755231094,
        5.0755231094,
        5.1021414323,
        5.1021414323,
        9.1356025363,
        9.1964711211,
        9.3387876353,
        9.4882675127,
        9.4882675127,
        9.4990212927,
        10.3078581009,
        10.3078581009,
        10.3108281064,
        10.3108281064,
        11.6717162417,
        11.6956666528,
        11.7794388397,
        11.8010177995,
        13.7093841232,
        13.7291083049,
        13.7513039915,
        13.7752283014,
        16.3160224073,
        16.3160224073,
        16.3160242492,
        16.3160242492,
        20.3622177752,
        20.5992453856,
        20.6465548913,
        21.402753028,
        21.4042378076,
        22.6782176335,
        22.7310177799,
        24.5282912279,
        24.5288555816,
        26.877403462,
        26.8774053251,
        29.7544662583,
        29.7546748048
    ]
}