{
    "metadata": {
        "last_modified": "2025-01-12T19:36:25.380582",
        "last_modified_by": "growmaster42",
        "parameters": {
            "spin": 0.5,
            "num_spins": 7,
            "j_ij": -1
        }
    },
    "(0.5, 7, -1.0, 2)": [
        -7.7792677905,
        -7.7792677905,
        -7.5622994904,
        -7.5622994904,
        -7.5622994904,
        -7.5622994904,
        -7.1454260574,
        -7.1454260574,
        -7.1454260574,
        -7.1454260574,
        -6.6079795725,
        -6.6079795725,
        -6.6079795725,
        -6.6079795725,
        -5.4398729243,
        -5.4398729243,
        -5.4398729243,
        -5.4398729243,
        -4.2957861083,
        -4.2957861083,
        -3.7321734908,
        -3.7321734908,
        -3.7321734908,
        -3.7321734908,
        -3.4510489308,
        -3.4510489308,
        -3.4510489308,
        -3.4510489308,
        -3.3516367304,
        -3.3516367304,
        -3.3516367304,
        -3.3516367304,
        -3.1825553818,
        -3.1825553818,
        -3.1825553818,
        -3.1825553818,
        -3.182368134,
        -3.182368134,
        -2.7656487557,
        -2.7656487557,
        -2.6305766559,
        -2.6305766559,
        -2.6133168861,
        -2.6133168861,
        -2.6133168861,
        -2.6133168861,
        -2.4195426663,
        -2.4195426663,
        -2.4195426663,
        -2.4195426663,
        -1.4321812311,
        -1.4321812311,
        -1.4321812311,
        -1.4321812311,
        -1.161669037,
        -1.161669037,
        -1.0989801446,
        -1.0989801446,
        -1.0989801446,
        -1.0989801446,
        -0.7784672896,
        -0.7784672896,
        -0.7784672896,
        -0.7784672896,
        -0.6812501555,
        -0.6812501555,
        -0.6812501555,
        -0.6812501555,
        -0.252699622,
        -0.252699622,
        -0.252699622,
        -0.252699622,
        0.4708590883,
        0.4708590883,
        0.4708590883,
        0.4708590883,
        0.9212109847,
        0.9212109847,
        0.9212109847,
        0.9212109847,
        1.3198286067,
        1.3198286067,
        1.4917004951,
        1.4917004951,
        1.4917004951,
        1.4917004951,
        1.9832148741,
        1.9832148741,
        1.9832148741,
        1.9832148741,
        2.0317207007,
        2.0317207007,
        2.2289268418,
        2.2289268418,
        2.2289268418,
        2.2289268418,
        2.6085773235,
        2.6085773235,
        2.6085773235,
        2.6085773235,
        4.0668584514,
        4.0668584514,
        4.0668584514,
        4.0668584514,
        5.281564519,
        5.281564519,
        5.281564519,
        5.281564519,
        5.8583278687,
        5.8583278687,
        5.8583278687,
        5.8583278687,
        7.2811722351,
        7.2811722351,
        7.2811722351,
        7.2811722351,
        7.5798138793,
        7.5798138793,
        7.5798138793,
        7.5798138793,
        8.1857637445,
        8.1857637445,
        9.1484405259,
        9.1484405259,
        9.1484405259,
        9.1484405259,
        11.9355304029,
        11.9355304029
    ]
}