{
    "metadata": {
        "last_modified": "2025-01-12T19:18:20.794886",
        "last_modified_by": "growmaster42",
        "parameters": {
            "spin": 2,
            "num_spins": 2,
            "j_ij": 1
        }
    },
    "(2.0, 2, 1.0, 2)": [
        -18.4917789,
        -18.4917789,
        -16.622944725,
        -16.622944725,
        -15.2962995879,
        -15.2962995879,
        -14.5028741416,
        -14.5028741416,
        -14.2388127524,
        -1.868834175,
        -1.868834175,
        -0.0,
        0.0,
        1.0750292776,
        1.0750292776,
        1.4327835559,
        10.6733548629,
        10.6733548629,
        12.6831806791,
        12.6831806791,
        13.1287610644,
        19.2364430849,
        19.2364430849,
        21.6819400691,
        24.224775313
    ]
}