{
    "metadata": {
        "last_modified": "2025-01-12T19:10:51.892590",
        "last_modified_by": "growmaster42",
        "parameters": {
            "spin": 1.5,
            "num_spins": 2,
            "j_ij": 1
        }
    },
    "(1.5, 2, 1.0, 2)": [
        -10.4016256313,
        -10.4016256312,
        -9.0,
        -9.0,
        -8.1702662463,
        -8.1702662463,
        -7.8944525888,
        2.0655829125,
        2.0655829125,
        3.4672085437,
        3.4672085438,
        3.8560663613,
        10.4817386088,
        10.4817386088,
        12.0747591263,
        15.0783507262
    ]
}