{
    "metadata": {
        "last_modified": "2025-01-12T19:36:10.043038",
        "last_modified_by": "growmaster42",
        "parameters": {
            "spin": 1.0,
            "num_spins": 4,
            "j_ij": -1
        }
    },
    "(1.0, 4, -1.0, 1)": [
        -12.607679325,
        -12.0599220001,
        -9.2118358141,
        -9.2118358141,
        -7.282197226,
        -6.9622138407,
        -6.9622138407,
        -6.2722311327,
        -6.2722311327,
        -6.2722311327,
        -6.2722311327,
        -5.1698003734,
        -5.1698003734,
        -4.3092383711,
        -2.9116046814,
        -2.2416587285,
        -2.2416587285,
        -2.2416587285,
        -2.2416587285,
        -2.0867271002,
        -2.0295347708,
        -2.0295347708,
        -2.0295347708,
        -2.0295347708,
        -1.5766141156,
        -1.5766141156,
        -1.1816314614,
        -1.1816314614,
        -1.1379037261,
        -1.1379037261,
        -0.846122363,
        -0.846122363,
        -0.6877603229,
        -0.6721484964,
        -0.6721484964,
        -0.6721484964,
        -0.6721484964,
        -0.3818642043,
        -0.3818642043,
        -0.3818642043,
        -0.3818642043,
        -0.1140104428,
        -0.08391633,
        0.3304142306,
        0.4896745878,
        0.9604826857,
        0.9604826857,
        0.9604826857,
        0.9604826857,
        1.349550871,
        1.349550871,
        1.349550871,
        1.349550871,
        2.0647288254,
        2.0647288254,
        2.1950944724,
        2.1950944724,
        2.366034153,
        2.366034153,
        2.366034153,
        2.366034153,
        2.4995558473,
        2.4995558473,
        2.4995558473,
        2.4995558473,
        4.0590695415,
        4.0590695415,
        4.1632819689,
        5.0956817861,
        5.265513381,
        5.265513381,
        5.265513381,
        5.265513381,
        5.3982941837,
        5.3982941837,
        6.3441676052,
        6.9130380885,
        8.6461896483,
        8.6461896483,
        11.3078052534,
        11.5696839042
    ]
}