{
    "metadata": {
        "last_modified": "2025-01-12T19:10:52.323169",
        "last_modified_by": "growmaster42",
        "parameters": {
            "spin": 1.5,
            "num_spins": 3,
            "j_ij": 1
        }
    },
    "(1.5, 3, 1.0, 2)": [
        -15.6740512576,
        -15.6740512576,
        -15.1303271074,
        -15.1303271074,
        -14.0453033519,
        -14.0453033519,
        -12.4206589386,
        -12.4206589386,
        -10.2631575474,
        -10.2631575474,
        -6.0937688943,
        -6.0937688943,
        -6.0381829485,
        -6.0381829485,
        -5.4673830538,
        -5.4673830538,
        -5.430827152,
        -5.430827152,
        -4.21054319,
        -4.21054319,
        -4.21054319,
        -4.21054319,
        -2.3641864715,
        -2.3641864715,
        -2.3176347028,
        -2.3176347028,
        1.3702059113,
        1.3702059113,
        1.5370006369,
        1.5370006369,
        1.6267610826,
        1.6267610826,
        2.1170011911,
        2.1170011911,
        2.1170011911,
        2.1170011911,
        2.3584835994,
        2.3584835994,
        3.5756638937,
        3.5756638937,
        3.8026345035,
        3.8026345035,
        3.8026345035,
        3.8026345035,
        6.3361702194,
        6.3361702194,
        6.3361702194,
        6.3361702194,
        6.6538708858,
        6.6538708858,
        6.8335370283,
        6.8335370283,
        8.2058080769,
        8.2058080769,
        8.2058080769,
        8.2058080769,
        8.2209758986,
        8.2209758986,
        9.2922410653,
        9.2922410653,
        10.637299911,
        10.637299911,
        10.637299911,
        10.637299911
    ]
}