{
    "metadata": {
        "last_modified": "2025-01-12T19:36:43.215413",
        "last_modified_by": "growmaster42",
        "parameters": {
            "spin": 1.0,
            "num_spins": 5,
            "j_ij": -1
        }
    },
    "(1.0, 5, -1.0, 1)": [
        -13.7187659439,
        -12.9858868021,
        -12.9858868021,
        -12.6952646446,
        -12.5640133889,
        -11.9664707656,
        -11.9664707656,
        -11.8010316518,
        -11.8010316518,
        -11.6628805091,
        -10.9126123495,
        -10.4650009823,
        -10.4650009823,
        -10.3846781104,
        -10.3846781104,
        -10.3187239895,
        -10.3187239895,
        -9.445431283,
        -9.2595290901,
        -8.8606087883,
        -8.821915427,
        -8.821915427,
        -8.6964660413,
        -8.6964660413,
        -8.5396416954,
        -8.5396416954,
        -7.9046484898,
        -7.9046484898,
        -7.7818124031,
        -7.7818124031,
        -7.7780982117,
        -7.7780982117,
        -6.9956025348,
        -6.8932649206,
        -6.8932649206,
        -6.8536940344,
        -6.8015234065,
        -6.8015234065,
        -6.7111532645,
        -6.7111532645,
        -6.6202582958,
        -6.6202582958,
        -6.4833940752,
        -6.4506708289,
        -6.4506708289,
        -6.4050075479,
        -6.3487339658,
        -6.2650958879,
        -6.2650958879,
        -5.3468063662,
        -5.3468063662,
        -5.1366193319,
        -4.9770348904,
        -4.9770348904,
        -4.9313065476,
        -4.9313065476,
        -4.8640380424,
        -4.8640380424,
        -4.5949158568,
        -4.5949158568,
        -4.4071937446,
        -4.4071937446,
        -4.4004718068,
        -4.2457794768,
        -4.2457794768,
        -4.0815211711,
        -4.0678721919,
        -4.0678721919,
        -3.8896237076,
        -3.8896237076,
        -3.8399096851,
        -3.8399096851,
        -3.7532036037,
        -3.7532036037,
        -3.7306726267,
        -3.5477830253,
        -3.5477830253,
        -3.4206607844,
        -3.4206607844,
        -3.3952115784,
        -3.3952115784,
        -3.1247505021,
        -3.1247505021,
        -3.0675700335,
        -2.8912398743,
        -2.8912398743,
        -2.8791571972,
        -2.8791571972,
        -1.9780613276,
        -1.8656560336,
        -1.8656560336,
        -1.8537439901,
        -1.8369902033,
        -1.8369902033,
        -1.7871097322,
        -1.7234595912,
        -1.7234595912,
        -1.4888564817,
        -1.4402258075,
        -1.4402258075,
        -1.4378778598,
        -1.4378778598,
        -1.3195302591,
        -1.3195302591,
        -1.2653088837,
        -1.2653088837,
        -1.054062623,
        -1.054062623,
        -0.5456210005,
        -0.5456210005,
        -0.4708587562,
        -0.3537712029,
        -0.3537712029,
        -0.3156356202,
        -0.3156356202,
        -0.2581598936,
        -0.2288613092,
        -0.2288613092,
        -0.1423413437,
        -0.1423413437,
        0.097726852,
        0.097726852,
        0.1116171899,
        0.4253554025,
        0.4253554025,
        0.4829490159,
        0.4829490159,
        0.5483901625,
        0.5483901625,
        0.668903349,
        0.668903349,
        0.6797051815,
        0.6797051815,
        0.7998860831,
        0.7998860831,
        0.8270751676,
        0.9490826327,
        0.9490826327,
        1.0423156102,
        1.0423156102,
        1.056649732,
        1.2312171868,
        1.2312171868,
        1.2361232054,
        1.2361232054,
        1.2678932812,
        1.2678932812,
        1.7491269855,
        1.8685889049,
        1.9650457724,
        1.9650457724,
        1.966183298,
        1.966183298,
        1.9984599011,
        2.5153445895,
        2.9345513374,
        2.9345513374,
        2.9921629062,
        2.9921629062,
        2.9937379847,
        3.0353620708,
        3.2396328295,
        3.2396328295,
        3.4004927557,
        3.4111796174,
        3.4753806803,
        3.4753806803,
        3.511669943,
        3.5203894292,
        3.5203894292,
        3.6426663665,
        3.6426663665,
        3.7802027441,
        3.7802027441,
        3.8190987114,
        3.8190987114,
        3.8292852542,
        3.8292852542,
        4.1436049791,
        4.1436049791,
        4.2089207751,
        4.2089207751,
        4.2565792044,
        4.2565792044,
        4.3924457934,
        4.3924457934,
        4.4897750356,
        4.500443339,
        4.500443339,
        4.5694981624,
        4.5969921596,
        4.5969921596,
        4.7789047576,
        4.8134162118,
        4.8134162118,
        5.4126142815,
        5.8078390444,
        5.8078390444,
        6.1273456845,
        6.1273456845,
        6.2029144611,
        6.2029144611,
        6.3206137179,
        6.3206137179,
        6.3651358361,
        6.3651358361,
        6.4839471349,
        6.5884151872,
        6.7079134274,
        6.8920605947,
        6.8920605947,
        7.0689861066,
        7.0689861066,
        7.0999616534,
        7.0999616534,
        7.1714984194,
        7.3962143529,
        7.3962143529,
        7.7903263485,
        7.7903263485,
        8.6779310942,
        8.9462826474,
        9.2234376633,
        9.2587130696,
        9.6196290645,
        9.6196290645,
        9.6617719284,
        9.9134204343,
        9.9134204343,
        10.2842911261,
        11.2049560444,
        11.2049560444,
        11.4284554011,
        11.4284554011,
        11.7902088757,
        11.7902088757,
        11.9497518978,
        13.5709734468,
        13.7253236015,
        13.7253236015,
        14.58857789,
        18.9896756711,
        19.8903636449
    ]
}