{
    "metadata": {
        "last_modified": "2025-01-12T19:38:14.782431",
        "last_modified_by": "growmaster42",
        "parameters": {
            "spin": 2.0,
            "num_spins": 4,
            "j_ij": -1
        }
    },
    "(2.0, 4, -1.0, 1)": [
        -46.0640609014,
        -46.0411691929,
        -38.1828010968,
        -38.1828010968,
        -37.7914313555,
        -37.7914313555,
        -34.5722677664,
        -34.5722677664,
        -34.5722677664,
        -34.5722677664,
        -34.4170397558,
        -32.1075492773,
        -30.3850509774,
        -30.2913170356,
        -29.6055538518,
        -29.6055538518,
        -28.9518690655,
        -28.6791304293,
        -27.6689123584,
        -27.6689123584,
        -27.6689123584,
        -27.6689123584,
        -27.4138097656,
        -27.4138097656,
        -27.4138097656,
        -27.4138097656,
        -24.4169752216,
        -24.4169752216,
        -24.4051569618,
        -24.4051569618,
        -24.3142509373,
        -24.022077018,
        -24.022077018,
        -24.022077018,
        -24.022077018,
        -24.0140588599,
        -24.0140588599,
        -22.9633541739,
        -22.937171715,
        -21.8758257882,
        -21.8758257882,
        -21.7352313086,
        -21.3675130342,
        -21.3675130342,
        -21.3675130342,
        -21.3675130342,
        -20.9884045163,
        -19.9659920254,
        -19.9659920254,
        -19.9659920254,
        -19.9659920254,
        -19.2248477542,
        -19.2248477542,
        -19.2248477542,
        -19.2248477542,
        -18.7503230252,
        -18.7503230252,
        -18.4640627725,
        -18.4640627725,
        -18.4640627725,
        -18.4640627725,
        -18.2456959249,
        -18.2456959249,
        -17.7206582779,
        -17.7206582779,
        -17.7206582779,
        -17.7206582779,
        -16.6344745652,
        -16.0970237009,
        -16.0970237009,
        -15.9596469379,
        -15.9596469379,
        -15.7643843776,
        -15.6318828141,
        -15.6318828141,
        -15.6318828141,
        -15.6318828141,
        -15.1264036175,
        -15.1264036175,
        -15.041797815,
        -15.041797815,
        -15.041797815,
        -15.041797815,
        -15.0133998785,
        -14.7880577187,
        -14.7880577187,
        -14.7555812422,
        -14.7555812422,
        -14.6714642191,
        -14.6714642191,
        -14.6714642191,
        -14.6714642191,
        -14.3184427285,
        -14.3184427285,
        -13.7308323477,
        -13.7308323477,
        -13.6631156783,
        -13.6365583395,
        -13.6365583395,
        -13.620271919,
        -13.5560670915,
        -13.3848544752,
        -13.3848544752,
        -13.3848544752,
        -13.3848544752,
        -13.2264412387,
        -13.2264412387,
        -13.1321543812,
        -12.4793346057,
        -12.4793346057,
        -12.4793346057,
        -12.4793346057,
        -12.4066956063,
        -12.3334144752,
        -12.3334144752,
        -11.1387325187,
        -11.1387325187,
        -11.1387325187,
        -11.1387325187,
        -11.1162641581,
        -11.1162641581,
        -11.1162641581,
        -11.1162641581,
        -11.092767931,
        -11.092767931,
        -10.4265384946,
        -10.4265384946,
        -10.3975824471,
        -10.3975824471,
        -10.3975824471,
        -10.3975824471,
        -10.1577841011,
        -10.1577841011,
        -8.8850234044,
        -8.8850234044,
        -8.8850234044,
        -8.8850234044,
        -8.8158467244,
        -8.8158467244,
        -8.6393002995,
        -8.6393002995,
        -8.6393002995,
        -8.6393002995,
        -8.4729361607,
        -8.4729361607,
        -8.2202937599,
        -8.2202937599,
        -8.2202937599,
        -8.2202937599,
        -8.167356897,
        -8.167356897,
        -7.9879954438,
        -7.9879954438,
        -7.9790954427,
        -7.7400663732,
        -7.3148813808,
        -7.3148813808,
        -7.3148813808,
        -7.3148813808,
        -6.9391151691,
        -6.8668555516,
        -6.8668555516,
        -6.8668555516,
        -6.8668555516,
        -6.627858366,
        -6.627858366,
        -6.627858366,
        -6.627858366,
        -6.5828707284,
        -6.2254398976,
        -5.9714871507,
        -5.9714871507,
        -5.79988492,
        -5.79988492,
        -5.79988492,
        -5.79988492,
        -5.6139650986,
        -5.6139650986,
        -5.6139650986,
        -5.6139650986,
        -5.5818363008,
        -5.5818363008,
        -5.5818363008,
        -5.5818363008,
        -5.3607260445,
        -5.3607260445,
        -5.0416564233,
        -5.0416564233,
        -5.0416564233,
        -5.0416564233,
        -5.0065488532,
        -5.0065488532,
        -4.9612796752,
        -4.8895170165,
        -4.8895170165,
        -4.8895170165,
        -4.8895170165,
        -4.8049078582,
        -4.8049078582,
        -4.7230204651,
        -4.7230204651,
        -4.3662131135,
        -4.3662131135,
        -4.3662131135,
        -4.3662131135,
        -4.2563271579,
        -4.2563271579,
        -3.9519104133,
        -3.9519104133,
        -3.8017043281,
        -3.8017043281,
        -3.7338465338,
        -3.7338465338,
        -3.6655067151,
        -3.6152869371,
        -3.5258669677,
        -3.5258669677,
        -3.4282141157,
        -2.9667358869,
        -2.9667358869,
        -2.907645821,
        -2.907645821,
        -2.907645821,
        -2.907645821,
        -2.8774782193,
        -2.8774782193,
        -2.8165729277,
        -2.7649408223,
        -2.7649408223,
        -2.7649408223,
        -2.7649408223,
        -2.5653156879,
        -2.5653156879,
        -2.5653156879,
        -2.5653156879,
        -2.4407581205,
        -2.4407581205,
        -2.342698217,
        -2.342698217,
        -2.342698217,
        -2.342698217,
        -2.1805942922,
        -2.1805942922,
        -2.1130850882,
        -2.1130850882,
        -2.1130850882,
        -2.1130850882,
        -2.088275092,
        -2.0546376188,
        -2.0546376188,
        -1.9803515463,
        -1.9803515463,
        -1.9803515463,
        -1.9803515463,
        -1.6973257744,
        -1.6973257744,
        -1.6193768435,
        -1.6193768435,
        -1.6193768435,
        -1.6193768435,
        -1.5169773536,
        -1.5169773536,
        -1.5148567501,
        -1.5148567501,
        -1.5148567501,
        -1.5148567501,
        -1.4271506782,
        -1.4271506782,
        -1.4271506782,
        -1.4271506782,
        -1.4195980721,
        -1.4195980721,
        -1.4195980721,
        -1.4195980721,
        -1.4169371105,
        -1.4169371105,
        -0.987964311,
        -0.9661812752,
        -0.9661812752,
        -0.9661812752,
        -0.9661812752,
        -0.8059378084,
        -0.8059378084,
        -0.8059378084,
        -0.8059378084,
        -0.7663822871,
        -0.7663822871,
        -0.7426353612,
        -0.6074317325,
        -0.6074317325,
        -0.6074317325,
        -0.6074317325,
        -0.4720572072,
        -0.4720572072,
        -0.4720572072,
        -0.4720572072,
        -0.3557553384,
        -0.3557553384,
        -0.3333252753,
        -0.3333252753,
        -0.2738183442,
        -0.2738183442,
        -0.2108706694,
        -0.2108706694,
        -0.1856553681,
        -0.1856553681,
        -0.1856553681,
        -0.1856553681,
        -0.1424411874,
        -0.1254757262,
        -0.1254757262,
        -0.0316784276,
        -0.0316784276,
        -0.0182832069,
        -0.0182832069,
        0.0216158106,
        0.108400311,
        0.1347138635,
        0.1347138635,
        0.1347138635,
        0.1347138635,
        0.192642737,
        0.192642737,
        0.2910333921,
        0.2910333921,
        0.2910333921,
        0.2910333921,
        0.7241975287,
        0.8299558753,
        0.8299558753,
        0.8299558753,
        0.8299558753,
        0.9177520619,
