{
    "metadata": {
        "last_modified": "2025-01-12T17:30:53.868244",
        "last_modified_by": "growmaster42",
        "parameters": {
            "spin": 0.5,
            "num_spins": 7,
            "j_ij": 1
        }
    },
    "(0.5, 7, 1.0, 2)": [
        -10.8116003559,
        -10.8116003559,
        -8.4872651108,
        -8.4872651108,
        -8.4872651108,
        -8.4872651108,
        -6.8180054078,
        -6.8180054078,
        -6.30729699,
        -6.30729699,
        -6.30729699,
        -6.30729699,
        -6.0566247751,
        -6.0566247751,
        -4.9777465149,
        -4.9777465149,
        -4.7703562596,
        -4.7703562596,
        -4.7703562596,
        -4.7703562596,
        -4.6419353819,
        -4.6419353819,
        -3.6870017608,
        -3.6870017608,
        -3.6870017608,
        -3.6870017608,
        -3.5152813046,
        -3.5152813046,
        -3.5152813046,
        -3.5152813046,
        -3.0305987,
        -3.0305987,
        -3.0305987,
        -3.0305987,
        -2.9525505432,
        -2.9525505432,
        -2.9525505432,
        -2.9525505432,
        -1.9978272071,
        -1.9978272071,
        -1.9726090871,
        -1.9726090871,
        -1.9726090871,
        -1.9726090871,
        -1.4712151122,
        -1.4712151122,
        -1.4712151122,
        -1.4712151122,
        -1.4063941818,
        -1.4063941818,
        -1.4063941818,
        -1.4063941818,
        -1.1455326936,
        -1.1455326936,
        -1.1455326936,
        -1.1455326936,
        -0.2894324553,
        -0.2894324553,
        -0.2894324553,
        -0.2894324553,
        -0.1445498014,
        -0.1445498014,
        -0.1445498014,
        -0.1445498014,
        0.2739482534,
        0.2739482534,
        0.2739482534,
        0.2739482534,
        0.5079134793,
        0.5079134793,
        0.5079134793,
        0.5079134793,
        1.2922914719,
        1.2922914719,
        1.2922914719,
        1.2922914719,
        1.3095757493,
        1.3095757493,
        1.5587337699,
        1.5587337699,
        1.5587337699,
        1.5587337699,
        2.4723030674,
        2.4723030674,
        2.4723030674,
        2.4723030674,
        2.8579125714,
        2.8579125714,
        2.8579125714,
        2.8579125714,
        3.0685129118,
        3.0685129118,
        3.1955215384,
        3.1955215384,
        3.1955215384,
        3.1955215384,
        3.2717756727,
        3.2717756727,
        3.2717756727,
        3.2717756727,
        3.7266222045,
        3.7266222045,
        3.7266222045,
        3.7266222045,
        3.8137886156,
        3.8137886156,
        3.8137886156,
        3.8137886156,
        4.7979348129,
        4.7979348129,
        4.7979348129,
        4.7979348129,
        5.0415278261,
        5.0415278261,
        5.0415278261,
        5.0415278261,
        5.9332001963,
        5.9332001963,
        6.9209116949,
        6.9209116949,
        6.9209116949,
        6.9209116949,
        7.832637328,
        7.832637328,
        7.832637328,
        7.832637328,
        8.2249741734,
        8.2249741734
    ]
}