{
    "metadata": {
        "last_modified": "2025-01-12T17:30:41.147840",
        "last_modified_by": "growmaster42",
        "parameters": {
            "spin": 0.5,
            "num_spins": 3,
            "j_ij": 1
        }
    },
    "(0.5, 3, 1.0, 2)": [
        -1.8596573047,
        -1.8596573047,
        -1.1403426953,
        -1.1403426953,
        1.4999999969,
        1.5,
        1.5,
        1.5000000031
    ]
}