{
    "metadata": {
        "last_modified": "2025-01-12T18:27:32.465721",
        "last_modified_by": "growmaster42",
        "parameters": {
            "spin": 1,
            "num_spins": 5,
            "j_ij": 1
        }
    },
    "(1.0, 5, 1.0, 1)": [
        -16.5467694236,
        -15.9072324456,
        -15.8684700819,
        -13.9762335762,
        -13.9224589384,
        -12.5339087819,
        -11.6859218273,
        -11.4225580244,
        -11.4225580244,
        -11.3544328262,
        -11.3544328262,
        -11.2668482456,
        -10.200716771,
        -10.200716771,
        -10.1258713784,
        -9.9668333085,
        -9.9668333085,
        -9.7871181729,
        -9.7026626768,
        -9.7026626768,
        -9.1470699063,
        -9.1470699063,
        -9.0306805224,
        -8.118326252,
        -8.0822884742,
        -8.0822884742,
        -8.0788147502,
        -8.0788147502,
        -7.7629183679,
        -7.7629183679,
        -7.4818810512,
        -7.4818810512,
        -7.2755450631,
        -7.1060053459,
        -7.1060053459,
        -6.9475371684,
        -6.9475371684,
        -6.9024808752,
        -6.9024808752,
        -6.7162058421,
        -6.6935902633,
        -6.6935902633,
        -6.5589461567,
        -6.5589461567,
        -6.2826561689,
        -6.0696321852,
        -6.0696321852,
        -5.9516766278,
        -5.5948523018,
        -5.5948523018,
        -5.4855277822,
        -5.4855277822,
        -5.444250923,
        -5.2720473527,
        -5.2720473527,
        -5.1209673021,
        -5.0830653408,
        -5.0830653408,
        -5.0448248433,
        -5.0448248433,
        -4.6612449947,
        -4.5534105882,
        -4.3870154955,
        -4.3870154955,
        -4.1902690745,
        -4.1902690745,
        -4.1478555318,
        -4.138738786,
        -4.138738786,
        -4.0611029237,
        -4.0611029237,
        -4.0236247629,
        -4.0236247629,
        -3.961413762,
        -3.5489503307,
        -3.4038775353,
        -3.2264157506,
        -3.2264157506,
        -3.1497271904,
        -3.0366197383,
        -2.811378315,
        -2.811378315,
        -2.7988060638,
        -2.7988060638,
        -2.732296032,
        -2.732296032,
        -2.7139125675,
        -2.6888372331,
        -2.6888372331,
        -1.9391913566,
        -1.9391913566,
        -1.9255823246,
        -1.9255823246,
        -1.7748755379,
        -1.7748755379,
        -1.526446713,
        -1.514531118,
        -1.514531118,
        -1.3992424039,
        -1.3992424039,
        -1.3390074384,
        -1.3114997074,
        -1.3114997074,
        -1.2167738642,
        -1.1063699803,
        -1.1063699803,
        -0.6659772491,
        -0.6659772491,
        -0.5617523565,
        -0.5617523565,
        -0.5475979474,
        -0.5475979474,
        -0.3562316382,
        -0.3562316382,
        -0.3446013702,
        -0.3446013702,
        -0.2749639834,
        -0.1621420918,
        -0.1621420918,
        -0.1590878586,
        0.0717268694,
        0.0717268694,
        0.0988383093,
        0.1014999564,
        0.1014999564,
        0.1273447556,
        0.1273447556,
        0.1278695908,
        0.3690413252,
        0.3690413252,
        0.4116506799,
        0.4832247372,
        0.4832247372,
        0.7665846166,
        0.7665846166,
        0.854630846,
        0.8695440287,
        0.8695440287,
        0.9421354469,
        0.9421354469,
        1.0544531979,
        1.0544531979,
        1.0698411532,
        1.1282730371,
        1.1282730371,
        1.2422993235,
        1.2422993235,
        1.4803211741,
        1.5274303761,
        1.5274303761,
        1.689020746,
        2.4889259622,
        2.4889259622,
        2.5634596912,
        2.7266437421,
        2.8925521378,
        2.8925521378,
        2.9555973456,
        3.2176545161,
        3.2176545161,
        3.2945103037,
        3.2945103037,
        3.5066040574,
        3.5066040574,
        3.5827271706,
        3.6065635771,
        3.6065635771,
        3.6265648112,
        3.7743708023,
        3.9269531477,
        3.9269531477,
        4.2411570512,
        4.4432582509,
        4.4432582509,
        4.5141284482,
        4.5141284482,
        4.5428321034,
        4.5428321034,
        4.617917355,
        4.617917355,
        4.9701078782,
        4.9701078782,
        5.0283367814,
        5.3162338899,
        5.3162338899,
        5.3296348905,
        5.4226706681,
        5.4226706681,
        5.5104309627,
        5.5104309627,
        5.5479712334,
        5.5479712334,
        5.6947721991,
        5.6947721991,
        5.889028249,
        5.889028249,
        6.1370643127,
        6.1370643127,
        6.4780927592,
        6.5196810316,
        6.5499228052,
        6.5499228052,
        6.6350148558,
        6.6350148558,
        6.6808661071,
        6.9075918045,
        6.9075918045,
        6.9521642565,
        6.9521642565,
        7.2550657868,
        7.2550657868,
        7.31160627,
        7.31160627,
        7.4983574188,
        7.4983574188,
        7.7242479454,
        8.338288823,
        8.338288823,
        8.6047540613,
        8.6047540613,
        9.1206376514,
        9.1206376514,
        9.2671321494,
        9.2671321494,
        9.3588070933,
        9.3885123724,
        10.0433008902,
        10.0433008902,
        10.0732362014,
        10.0732362014,
        10.2305965058,
        10.2305965058,
        11.0635952326,
        11.0635952326,
        11.3842822477,
        11.9360891146,
        12.1876912849,
        12.1876912849,
        12.9956355784,
        13.1688735789,
        13.1688735789,
        13.5693732435,
        14.0485789745
    ]
}