{
    "metadata": {
        "last_modified": "2025-01-12T19:36:11.332303",
        "last_modified_by": "growmaster42",
        "parameters": {
            "spin": 0.5,
            "num_spins": 6,
            "j_ij": -1
        }
    },
    "(0.5, 6, -1.0, 1)": [
        -6.5206886847,
        -6.4463755633,
        -4.693617485,
        -4.4251876499,
        -3.7486127853,
        -3.615904818,
        -3.615904818,
        -3.4914857335,
        -3.4189898856,
        -3.3310940459,
        -3.2875965218,
        -3.2875965218,
        -2.9025629303,
        -2.9025629303,
        -2.8935132979,
        -2.7983668211,
        -2.6029490313,
        -2.3820898359,
        -2.3820898359,
        -1.9535781921,
        -1.9535781921,
        -1.9454011631,
        -1.8634493432,
        -1.5691668238,
        -1.5691668238,
        -1.2256408246,
        -1.2256408246,
        -1.0959297506,
        -1.094930691,
        -1.0459454964,
        -1.0459454964,
        -0.5786538056,
        -0.5660203009,
        -0.5660203009,
        0.1341245743,
        0.4296807466,
        0.5797311782,
        0.5797311782,
        0.67896606,
        0.67896606,
        0.7462328275,
        0.7462328275,
        1.4064030535,
        1.9454011631,
        2.154781911,
        2.154781911,
        2.2977962943,
        2.6029490313,
        2.8387409604,
        2.8935132979,
        3.2140352928,
        3.2140352928,
        3.2762568656,
        3.2762568656,
        3.947037886,
        3.947037886,
        3.9586235584,
        3.9586235584,
        4.0023623446,
        4.5574044439,
        5.5158785471,
        6.3581085655,
        6.3581085655,
        9.5944544775
    ]
}