{
    "metadata": {
        "last_modified": "2025-01-12T19:42:34.068766",
        "last_modified_by": "growmaster42",
        "parameters": {
            "spin": 1.0,
            "num_spins": 6,
            "j_ij": -1
        }
    },
    "(1.0, 6, -1.0, 1)": [
        -25.308244666,
        -25.3079523467,
        -21.4664748614,
        -21.4660704402,
        -19.2263595989,
        -19.2263595989,
        -19.2250123518,
        -19.2250123518,
        -18.4485600498,
        -18.4387478265,
        -16.5139859422,
        -16.4589015126,
        -16.4589015126,
        -16.4359916311,
        -16.4333751568,
        -16.4333751568,
        -15.1287349624,
        -15.0120562871,
        -14.8709881165,
        -14.8479289471,
        -14.8479289471,
        -14.8401877324,
        -14.8355190488,
        -14.8355190488,
        -14.8053369942,
        -14.6254633523,
        -14.4297263279,
        -14.4297263279,
        -14.4212392238,
        -14.4212392238,
        -14.2322959809,
        -14.2322959809,
        -14.1941515728,
        -14.1941515728,
        -14.0570056467,
        -13.9352402586,
        -13.6395557537,
        -12.9548028897,
        -12.9548028897,
        -12.9305768262,
        -12.9297424403,
        -12.6450020227,
        -12.6322851947,
        -12.5637355803,
        -12.4141937621,
        -12.4141937621,
        -12.2043377036,
        -12.2043377036,
        -12.1861323852,
        -12.1861323852,
        -12.00363223,
        -11.9869584388,
        -11.9869584388,
        -11.9054765252,
        -11.7114225769,
        -11.7114225769,
        -11.5681747395,
        -11.5681747395,
        -11.1989665837,
        -11.1793546377,
        -11.1793546377,
        -11.062280555,
        -11.062280555,
        -11.0060169406,
        -11.0060169406,
        -10.9773627945,
        -10.9773627945,
        -10.9725791912,
        -10.9510641362,
        -10.9510641362,
        -10.9328269924,
        -10.7431179596,
        -10.7431179596,
        -10.7139549445,
        -10.7139549445,
        -10.6702877925,
        -10.6702877925,
        -10.6423562967,
        -10.6423562967,
        -10.5653747351,
        -10.5354254233,
        -10.5354254233,
        -10.4990632676,
        -10.4990632676,
        -10.3218531842,
        -10.3218531842,
        -10.1084319721,
        -10.1084319721,
        -10.0289484401,
        -10.0289484401,
        -10.0175800944,
        -10.0175800944,
        -10.0157062209,
        -10.0157062209,
        -9.8333978671,
        -9.8333978671,
        -9.7351058365,
        -9.6813752941,
        -9.6813752941,
        -9.6761474779,
        -9.6761474779,
        -9.4252347057,
        -9.4252347057,
        -9.3885795502,
        -9.3340045396,
        -9.3340045396,
        -9.2243465827,
        -9.2243465827,
        -9.1550409515,
        -9.1550409515,
        -9.1420603639,
        -9.1420603639,
        -9.1362146229,
        -9.0336158269,
        -9.0336158269,
        -8.86704458,
        -8.8659569779,
        -8.726185444,
        -8.726185444,
        -8.6356343584,
        -8.6356343584,
        -8.5227608945,
        -8.5227608945,
        -8.4866794481,
        -8.4866794481,
        -8.4224471859,
        -8.4224471859,
        -8.4090656783,
        -8.3623265505,
        -8.3164732287,
        -8.3164732287,
        -8.2034378768,
        -8.2034378768,
        -8.1397005901,
        -8.1146323605,
        -8.1146323605,
        -8.0363824221,
        -8.0363824221,
        -8.0122895616,
        -8.0122895616,
        -7.9303450822,
        -7.9303450822,
        -7.8061242107,
        -7.8061242107,
        -7.6968616136,
        -7.6968616136,
        -7.6250000918,
        -7.598097215,
        -7.598097215,
        -7.5102624147,
        -7.5005493838,
        -7.5005493838,
        -7.4515789176,
        -7.4515789176,
        -7.4253262095,
        -7.4253262095,
        -7.4243869691,
        -7.4243869691,
        -7.2471415003,
        -7.2471415003,
        -7.2341774237,
        -7.2341774237,
        -7.1686534419,
        -7.0981334827,
        -7.0981334827,
        -6.9937768775,
        -6.9706884214,
        -6.7437707658,
        -6.7437707658,
        -6.6762002458,
        -6.6762002458,
        -6.6695556037,
        -6.6695556037,
        -6.5442080342,
        -6.533513997,
        -6.533513997,
        -6.4909926773,
        -6.433988379,
        -6.431230291,
        -6.431230291,
        -6.4193527331,
        -6.4193527331,
        -6.410658546,
        -6.410658546,
        -6.4024571137,
        -6.4024571137,
        -6.3127363328,
        -6.3127363328,
        -6.2952692431,
        -6.2952692431,
        -6.285326146,
        -6.285326146,
        -6.2289750871,
        -6.2289750871,
        -6.0650178167,
        -6.0650178167,
        -6.0550225307,
        -6.0550225307,
        -6.0098643272,
        -5.9894587451,
        -5.9021832626,
        -5.9021832626,
        -5.881734678,
        -5.881734678,
        -5.7871020049,
        -5.7871020049,
        -5.7799288458,
        -5.7799288458,
        -5.7732790985,
        -5.7732790985,
        -5.7686905889,
        -5.7686905889,
        -5.6935697291,
        -5.6935697291,
        -5.59122043,
        -5.59122043,
        -5.5910230556,
        -5.5910230556,
        -5.5297830981,
        -5.5297830981,
        -5.4566730139,
        -5.4566730139,
        -5.4499296601,
        -5.4499296601,
        -5.4497420045,
        -5.4327940412,
        -5.4327940412,
        -5.4012779203,
        -5.4012779203,
        -5.2820198918,
        -5.2820198918,
        -5.2727308553,
        -5.2727308553,
        -5.2429319651,
        -4.9727196432,
        -4.9727196432,
        -4.9689278096,
        -4.9689278096,
        -4.9118631809,
        -4.9118631809,
        -4.5392389421,
        -4.5392389421,
        -4.4518034053,
        -4.4518034053,
        -4.4068826811,
        -4.4068826811,
        -4.4058454595,
        -4.3790619602,
        -4.3691573245,
        -4.3691573245,
        -4.2953188203,
        -4.2953188203,
        -4.0963948533,
        -4.0963948533,
        -4.0317381792,
        -3.7662512831,
        -3.7662512831,
        -3.7397207267,
        -3.7397207267,
        -3.7252730076,
        -3.6380133858,
        -3.6380133858,
        -3.5761252843,
        -3.5761252843,
        -3.5435009666,
        -3.5435009666,
        -3.4984630745,
        -3.4984630745,
        -3.3968117174,
        -3.389835762,
        -3.389835762,
        -3.3735398359,
        -3.3735398359,
        -3.3225128677,
        -3.2734975481,
        -3.2734975481,
        -3.2421392587,
        -3.2421392587,
        -3.0121219886,
        -3.0121219886,
        -2.9739405965,
        -2.9739405965,
        -2.899722221,
        -2.899722221,
        -2.7685233425,
        -2.7685233425,
        -2.7415608049,
        -2.7415608049,
        -2.7122986561,
        -2.7122986561,
        -2.5698713975,
        -2.5698713975,
        -2.5429661671,
        -2.5429661671,
        -2.5406572283,
        -2.51068494,
        -2.4426197477,
        -2.4426197477,
        -2.3992268762,
        -2.3241701408,
        -2.3241701408,
        -2.3093257562,
        -2.2402672711,
        -2.2402672711,
        -2.2383098584,
        -2.2383098584,
        -2.204691925,
        -2.204691925,
        -2.1438435415,
        -2.1359453583,
        -2.0386268416,
        -2.0386268416,
        -1.9275009823,
        -1.9275009823,
        -1.8005108894,
        -1.7699174198,
        -1.7699174198,
        -1.7409875078,
        -1.7409875078,
        -1.6870408967,
        -1.6870408967,
        -1.663967336,
        -1.6430285624,
        -1.4416166243,
        -1.4416166243,
        -1.3391874273,
        -1.3391874273,
        -1.242870949,
        -1.242870949,
        -1.2188737367,
        -1.2044729924,
        -1.2044729924,
        -1.1194469233,
