{
    "metadata": {
        "last_modified": "2025-01-12T19:46:32.828298",
        "last_modified_by": "growmaster42",
        "parameters": {
            "spin": 0.5,
            "num_spins": 9,
            "j_ij": -1
        }
    },
    "(0.5, 9, -1.0, 2)": [
        -19.8740063842,
        -19.8740063842,
        -18.7949622624,
        -18.7949622624,
        -18.7949622624,
        -18.7949622624,
        -17.5770681749,
        -17.5770681749,
        -17.5770681749,
        -17.5770681749,
        -16.8674812766,
        -16.8674812766,
        -16.8674812766,
        -16.8674812766,
        -16.1369740472,
        -16.1369740472,
        -16.1369740472,
        -16.1369740472,
        -15.4548415477,
        -15.4548415477,
        -15.4548415477,
        -15.4548415477,
        -14.586344328,
        -14.586344328,
        -14.586344328,
        -14.586344328,
        -13.60376764,
        -13.60376764,
        -13.60376764,
        -13.60376764,
        -13.4963703084,
        -13.4963703084,
        -13.4963703084,
        -13.4963703084,
        -13.3367861494,
        -13.3367861494,
        -13.0141570652,
        -13.0141570652,
        -13.0141570652,
        -13.0141570652,
        -12.9912225451,
        -12.9912225451,
        -12.9912225451,
        -12.9912225451,
        -12.9291772764,
        -12.9291772764,
        -12.9291772764,
        -12.9291772764,
        -12.2580079611,
        -12.2580079611,
        -11.965475708,
        -11.965475708,
        -11.965475708,
        -11.965475708,
        -11.955162162,
        -11.955162162,
        -11.955162162,
        -11.955162162,
        -11.1266984865,
        -11.1266984865,
        -11.1266984865,
        -11.1266984865,
        -11.0777028728,
        -11.0777028728,
        -10.6383893599,
        -10.6383893599,
        -10.3740025833,
        -10.3740025833,
        -10.3740025833,
        -10.3740025833,
        -10.2936063504,
        -10.2936063504,
        -10.2936063504,
        -10.2936063504,
        -10.1666578455,
        -10.1666578455,
        -10.1666578455,
        -10.1666578455,
        -10.0667963849,
        -10.0667963849,
        -10.0667963849,
        -10.0667963849,
        -9.9151824543,
        -9.9151824543,
        -9.8380953381,
        -9.8380953381,
        -9.8380953381,
        -9.8380953381,
        -9.686619603,
        -9.686619603,
        -9.686619603,
        -9.686619603,
        -9.6012581216,
        -9.6012581216,
        -9.6012581216,
        -9.6012581216,
        -9.3254858552,
        -9.3254858552,
        -9.3254858552,
        -9.3254858552,
        -9.1008219372,
        -9.1008219372,
        -9.1008219372,
        -9.1008219372,
        -8.8383599233,
        -8.8383599233,
        -8.8383599233,
        -8.8383599233,
        -8.3034317027,
        -8.3034317027,
        -8.3034317027,
        -8.3034317027,
        -8.2873205508,
        -8.2873205508,
        -8.2873205508,
        -8.2873205508,
        -7.7775803607,
        -7.7775803607,
        -7.7775803607,
        -7.7775803607,
        -7.7607128546,
        -7.7607128546,
        -7.7607128546,
        -7.7607128546,
        -7.3260869274,
        -7.3260869274,
        -7.1756849494,
        -7.1756849494,
        -7.1756849494,
        -7.1756849494,
        -7.0326788314,
        -7.0326788314,
        -7.0326788314,
        -7.0326788314,
        -6.73243598,
        -6.73243598,
        -6.73243598,
        -6.73243598,
        -6.7245662585,
        -6.7245662585,
        -6.7245662585,
        -6.7245662585,
        -6.5789069894,
        -6.5789069894,
        -6.5789069894,
        -6.5789069894,
        -6.2249354316,
        -6.2249354316,
        -6.2249354316,
        -6.2249354316,
        -6.1611656245,
        -6.1611656245,
        -6.1611656245,
        -6.1611656245,
        -5.9567675673,
        -5.9567675673,
        -5.9567675673,
        -5.9567675673,
        -5.913652511,
        -5.913652511,
        -5.913652511,
        -5.913652511,
        -5.7719249171,
        -5.7719249171,
        -5.4760587873,
        -5.4760587873,
        -5.4760587873,
        -5.4760587873,
        -5.201349636,
        -5.201349636,
        -5.201349636,
        -5.201349636,
        -4.8773945784,
        -4.8773945784,
        -4.8773945784,
        -4.8773945784,
        -4.8676029375,
        -4.8676029375,
        -4.8676029375,
        -4.8676029375,
        -4.5628790862,
        -4.5628790862,
        -4.5628790862,
        -4.5628790862,
        -4.38074498,
        -4.38074498,
        -4.0984423216,
        -4.0984423216,
        -3.7893077735,
        -3.7893077735,
        -3.7893077735,
        -3.7893077735,
        -3.6373702635,
        -3.6373702635,
        -3.6373702635,
        -3.6373702635,
        -3.5048667196,
        -3.5048667196,
        -3.5048667196,
        -3.5048667196,
        -3.3425064428,
        -3.3425064428,
        -3.3425064428,
        -3.3425064428,
        -2.9588807523,
        -2.9588807523,
        -2.9588807523,
        -2.9588807523,
        -2.8405067709,
        -2.8405067709,
        -2.8405067709,
        -2.8405067709,
        -2.7001066145,
        -2.7001066145,
        -2.606816244,
        -2.606816244,
        -2.606816244,
        -2.606816244,
        -2.5060851079,
        -2.5060851079,
        -2.5060851079,
        -2.5060851079,
        -2.2535468046,
        -2.2535468046,
        -2.1883228705,
        -2.1883228705,
        -2.1883228705,
        -2.1883228705,
        -2.1342380165,
        -2.1342380165,
        -2.1342380165,
        -2.1342380165,
        -1.9562601892,
        -1.9562601892,
        -1.9562601892,
        -1.9562601892,
        -1.7001131362,
        -1.7001131362,
        -1.7001131362,
        -1.7001131362,
        -1.6997105961,
        -1.6997105961,
        -1.6997105961,
        -1.6997105961,
        -1.0039654814,
        -1.0039654814,
        -1.0039654814,
        -1.0039654814,
        -0.8955363475,
        -0.8955363475,
        -0.8955363475,
        -0.8955363475,
        -0.6172696868,
        -0.6172696868,
        -0.6172696868,
        -0.6172696868,
        -0.1256687375,
        -0.1256687375,
        -0.1256687375,
        -0.1256687375,
        -0.1063253628,
        -0.1063253628,
        -0.1063253628,
        -0.1063253628,
        -0.0379802767,
        -0.0379802767,
        -0.0379802767,
        -0.0379802767,
        0.150585834,
        0.150585834,
        0.150585834,
        0.150585834,
        0.1995821743,
        0.1995821743,
        0.1995821743,
        0.1995821743,
        0.5011815853,
        0.5011815853,
        0.5011815853,
        0.5011815853,
        0.6536433531,
        0.6536433531,
        0.6536433531,
        0.6536433531,
        1.1632005722,
        1.1632005722,
        1.1632005722,
        1.1632005722,
        1.2383385987,
        1.2383385987,
        1.2383385987,
        1.2383385987,
        1.2657300989,
        1.2657300989,
        1.2657300989,
        1.2657300989,
        1.4647422915,
        1.4647422915,
        1.4647422915,
        1.4647422915,
        1.5453029118,
        1.5453029118,
        1.5738977022,
        1.5738977022,
        1.5738977022,
        1.5738977022,
        1.5744701461,
        1.5744701461,
        1.5744701461,
        1.5744701461,
        2.4121001429,
        2.4121001429,
        2.4121001429,
        2.4121001429,
        2.4757374388,
        2.4757374388,
        2.8470780896,
        2.8470780896,
        2.8470780896,
        2.8470780896,
        3.2340499476,
        3.2340499476,
        3.2340499476,
        3.2340499476,
        3.3572180108,
        3.3572180108,
        3.3585368641,
        3.3585368641,
        3.3585368641,
        3.3585368641,
        3.5203973457,
        3.5203973457,
        3.5203973457,
        3.5203973457,
        3.8162067774,
        3.8162067774,
        3.8162067774,
        3.8162067774,
