{
    "metadata": {
        "last_modified": "2025-01-12T19:19:03.981369",
        "last_modified_by": "growmaster42",
        "parameters": {
            "spin": 2,
            "num_spins": 4,
            "j_ij": 1
        }
    },
    "(2.0, 4, 1.0, 1)": [
        -42.0421088733,
        -41.6147784204,
        -41.6147784204,
        -40.5465062023,
        -40.0320924501,
        -38.0790616781,
        -38.0790616781,
        -35.0244966528,
        -34.9468661104,
        -30.9348561426,
        -30.9348561426,
        -30.7742050354,
        -30.7742050354,
        -30.7742050354,
        -30.7742050354,
        -30.5217892141,
        -30.5217892141,
        -30.5217892141,
        -30.5217892141,
        -30.002686953,
        -30.002686953,
        -27.8836087758,
        -27.8836087758,
        -27.8836087758,
        -27.8836087758,
        -25.9943528811,
        -25.7446482859,
        -24.6844615903,
        -24.2702419678,
        -24.2702419678,
        -24.2167983986,
        -24.2167983986,
        -23.9986468784,
        -23.9986468784,
        -22.9759266374,
        -22.5728443541,
        -22.1932743534,
        -21.3943660299,
        -21.3943660299,
        -21.2673248536,
        -21.2673248536,
        -20.9960517141,
        -20.8562476168,
        -20.8562476168,
        -20.8562476168,
        -20.8562476168,
        -20.7841530961,
        -20.7841530961,
        -20.7841530961,
        -20.7841530961,
        -20.570703127,
        -20.570703127,
        -19.9671285184,
        -19.9671285184,
        -19.3521059916,
        -19.3521059916,
        -19.3521059916,
        -19.3521059916,
        -19.1288819565,
        -18.9296691847,
        -18.8226184355,
        -17.6649118268,
        -17.6649118268,
        -16.918922258,
        -16.7733883315,
        -16.7733883315,
        -16.0283177279,
        -16.0283177279,
        -15.7424276754,
        -15.7424276754,
        -15.4255083742,
        -15.4255083742,
        -15.4255083742,
        -15.4255083742,
        -15.1869271341,
        -15.1869271341,
        -15.1869271341,
        -15.1869271341,
        -14.672763033,
        -14.5160433544,
        -14.5160433544,
        -14.2056424138,
        -14.2056424138,
        -14.2056424138,
        -14.2056424138,
        -14.0128357697,
        -14.0128357697,
        -13.5306009086,
        -13.5306009086,
        -13.1281854421,
        -13.1281854421,
        -13.1281854421,
        -13.1281854421,
        -13.0495473449,
        -12.8291600215,
        -12.8291600215,
        -12.8291600215,
        -12.8291600215,
        -12.725653773,
        -12.6698041792,
        -12.6698041792,
        -11.8610072134,
        -11.8610072134,
        -11.7907626066,
        -11.7907626066,
        -11.4561436122,
        -11.4561436122,
        -11.3710001664,
        -11.3710001664,
        -11.2356375908,
        -11.2356375908,
        -11.2356375908,
        -11.2356375908,
        -11.1558889629,
        -11.1558889629,
        -11.1558889629,
        -11.1558889629,
        -11.0620390246,
        -11.0620390246,
        -11.0620390246,
        -11.0620390246,
        -11.0554960912,
        -10.6973906208,
        -10.6973906208,
        -10.1150723508,
        -10.1150723508,
        -9.5405309459,
        -9.4643923776,
        -9.0252063366,
        -9.0252063366,
        -9.0180980682,
        -9.0180980682,
        -8.58581091,
        -8.58581091,
        -8.58581091,
        -8.58581091,
        -8.5498279009,
        -8.5498279009,
        -8.5498279009,
        -8.5498279009,
        -8.5066882369,
        -8.5066882369,
        -8.4751450309,
        -8.4751450309,
        -7.9412972234,
        -7.9412972234,
        -7.9412972234,
        -7.9412972234,
        -7.8776077791,
        -7.8776077791,
        -7.8776077791,
        -7.8776077791,
        -7.6973409039,
        -7.6973409039,
        -7.6973409039,
        -7.6973409039,
        -7.6714143398,
        -7.6714143398,
        -7.6366541117,
        -7.6366541117,
        -7.6366541117,
        -7.6366541117,
        -7.5834618796,
        -7.5834618796,
        -7.5411929572,
        -7.5373800577,
        -7.5373800577,
        -7.5373800577,
        -7.5373800577,
        -7.3951943402,
        -7.3951943402,
        -7.3947303112,
        -7.2489354094,
        -7.2489354094,
        -7.2489354094,
        -7.2489354094,
        -7.0494412089,
        -6.3969162311,
        -6.3969162311,
        -6.3897459228,
        -6.3897459228,
        -6.1667242843,
        -6.1667242843,
        -6.1667242843,
        -6.1667242843,
        -5.7952988696,
        -5.6362059024,
        -5.4493270652,
        -5.4493270652,
        -5.4493270652,
        -5.4493270652,
        -5.3065064664,
        -5.0097887173,
        -5.0097887173,
        -5.0097887173,
        -5.0097887173,
        -4.8211628006,
        -4.8211628006,
        -4.7959561594,
        -4.7959561594,
        -4.5485317454,
        -4.1528530966,
        -4.1528530966,
        -4.1417187942,
        -4.1417187942,
        -4.1417187942,
        -4.1417187942,
        -4.0337383192,
        -4.0060404246,
        -4.0060404246,
        -4.0060404246,
        -4.0060404246,
        -3.9227647346,
        -3.9227647346,
        -3.9227647346,
        -3.9227647346,
        -3.9180109851,
        -3.9180109851,
        -3.9180109851,
        -3.9180109851,
        -3.9118509316,
        -3.9118509316,
        -3.9118509316,
        -3.9118509316,
        -3.8611659214,
        -3.8611659214,
        -3.8040161985,
        -3.7831697478,
        -3.7831697478,
        -3.6833718973,
        -3.6833718973,
        -3.6833718973,
        -3.6833718973,
        -3.6190401783,
        -3.6190401783,
        -3.5879790969,
        -3.5879790969,
        -3.4357752331,
        -3.4357752331,
        -3.2872122996,
        -3.2872122996,
        -3.2872122996,
        -3.2872122996,
        -3.1442702129,
        -3.1442702129,
        -3.1442702129,
        -3.1442702129,
        -2.9996565305,
        -2.7188813133,
        -2.7188813133,
        -2.6865090643,
        -2.6546731435,
        -2.6546731435,
        -2.6546731435,
        -2.6546731435,
        -2.6275987066,
        -2.6275987066,
        -2.2511369957,
        -2.2511369957,
        -2.2002941108,
        -2.2002941108,
        -2.2002941108,
        -2.2002941108,
        -2.0916475168,
        -2.0916475168,
        -2.0916475168,
        -2.0916475168,
        -2.0674738032,
        -2.0674738032,
        -1.9458734229,
        -1.9458734229,
        -1.8957296483,
        -1.8957296483,
        -1.8117307943,
        -1.8117307943,
        -1.6203571011,
        -1.6203571011,
        -1.3934327452,
        -1.3934327452,
        -1.3715701883,
        -1.356987028,
        -1.3353913465,
        -1.3353913465,
        -1.2336427643,
        -1.2336427643,
        -1.2336427643,
        -1.2336427643,
        -0.7487629005,
        -0.7487629005,
        -0.7487629005,
        -0.7487629005,
        -0.7029952855,
        -0.7029952855,
        -0.6811928465,
        -0.6811928465,
        -0.6488164143,
        -0.6488164143,
        -0.6488164143,
        -0.6488164143,
        -0.614348826,
        -0.614348826,
        -0.5082024518,
        -0.5082024518,
        -0.4348303433,
        -0.4348303433,
        -0.4348303433,
        -0.4348303433,
        -0.1757243983,
        -0.1757243983,
        -0.1358558815,
        -0.1031101964,
        -0.1031101964,
        -0.1031101964,
        -0.1031101964,
        0.1453721531,
        0.1453721531,
        0.1453721531,
        0.1453721531,
        0.3140970252,
        0.3285889247,
        0.3285889247,
        0.3285889247,
        0.3285889247,
        0.3981196202,
        0.3981196202,
        0.3981196202,
        0.3981196202,
        0.4600482704,
        0.4600482704,
        0.4609640686,
        0.4609640686,
        0.5238389462,
