{
    "metadata": {
        "last_modified": "2025-01-12T19:36:08.248911",
        "last_modified_by": "growmaster42",
        "parameters": {
            "spin": 1.0,
            "num_spins": 2,
            "j_ij": -1
        }
    },
    "(1.0, 2, -1.0, 1)": [
        -8.015352548,
        -4.3114723625,
        -4.3114723625,
        -3.377055275,
        3.377055275,
        3.377055275,
        4.3114723625,
        4.3114723625,
        4.638297273
    ]
}