{
    "metadata": {
        "last_modified": "2025-01-12T17:30:41.141443",
        "last_modified_by": "growmaster42",
        "parameters": {
            "spin": 0.5,
            "num_spins": 2,
            "j_ij": 1
        }
    },
    "(0.5, 2, 1.0, 2)": [
        -1.1557361812,
        -1.1557361812,
        -0.6885276375,
        3.0
    ]
}