{
    "metadata": {
        "last_modified": "2025-01-12T17:31:53.552508",
        "last_modified_by": "growmaster42",
        "parameters": {
            "spin": 0.5,
            "num_spins": 8,
            "j_ij": 1
        }
    },
    "(0.5, 8, 1.0, 2)": [
        -16.2738658449,
        -16.2738658449,
        -13.5055207779,
        -13.5055207779,
        -13.313820892,
        -12.0593011432,
        -12.0593011432,
        -11.8724557832,
        -11.8724557832,
        -11.8724557832,
        -11.8724557832,
        -10.9034107037,
        -10.5564798493,
        -10.5564798493,
        -10.5564798493,
        -10.5564798493,
        -10.5436059972,
        -10.0646476773,
        -9.0429475584,
        -9.0429475584,
        -9.0029442485,
        -9.0029442485,
        -8.9829651569,
        -8.9829651569,
        -8.5207502894,
        -8.5207502894,
        -8.5207502894,
        -8.5207502894,
        -8.4566577143,
        -8.4566577143,
        -8.0632408484,
        -8.0632408484,
        -7.621535752,
        -7.621535752,
        -7.5885525231,
        -7.5885525231,
        -7.5077460287,
        -7.5077460287,
        -6.6026829784,
        -6.6026829784,
        -6.5586418482,
        -6.5586418482,
        -6.5586418482,
        -6.5586418482,
        -6.3034213458,
        -6.3034213458,
        -6.3008639537,
        -6.3008639537,
        -6.1895779337,
        -6.1895779337,
        -6.1657221673,
        -6.1657221673,
        -6.1657221673,
        -6.1657221673,
        -5.8267040163,
        -5.8267040163,
        -5.8267040163,
        -5.8267040163,
        -5.5217204643,
        -5.411033093,
        -5.411033093,
        -5.411033093,
        -5.411033093,
        -5.3739477601,
        -5.3739477601,
        -4.7622618712,
        -4.7622618712,
        -4.7622618712,
        -4.7622618712,
        -4.2710694542,
        -4.2710694542,
        -4.2710694542,
        -4.2710694542,
        -3.4628380366,
        -3.4628380366,
        -3.4628380366,
        -3.4628380366,
        -3.4305374591,
        -3.2848783512,
        -3.2525607842,
        -3.2525607842,
        -3.2525607842,
        -3.2525607842,
        -2.6930206492,
        -2.6930206492,
        -2.5549920145,
        -2.5549920145,
        -2.5549920145,
        -2.5549920145,
        -2.2637696052,
        -2.2637696052,
        -2.2637696052,
        -2.2637696052,
        -2.0250963766,
        -2.0250963766,
        -2.0250963766,
        -2.0250963766,
        -1.7747738641,
        -1.7747738641,
        -1.7747738641,
        -1.7747738641,
        -1.7198750643,
        -1.7198750643,
        -1.7198750643,
        -1.7198750643,
        -1.4512181535,
        -1.4512181535,
        -1.407279266,
        -1.2076493658,
        -1.2076493658,
        -1.2076493658,
        -1.2076493658,
        -1.1886413459,
        -0.9572688808,
        -0.9572688808,
        -0.9358580223,
        -0.9358580223,
        -0.4477039082,
        -0.4477039082,
        -0.4334756621,
        -0.4334756621,
        -0.4334756621,
        -0.4334756621,
        -0.3824526355,
        -0.1703120928,
        -0.128314287,
        -0.128314287,
        -0.0787714911,
        0.0980393026,
        0.0980393026,
        0.0980393026,
        0.0980393026,
        0.276274949,
        0.276274949,
        0.3267260641,
        0.3267260641,
        0.3267260641,
        0.3267260641,
        0.3876434015,
        0.4105396355,
        0.4105396355,
        0.5453676675,
        0.5453676675,
        0.6472957916,
        0.6472957916,
        0.8570868134,
        0.8570868134,
        0.8583421154,
        0.9322266788,
        0.9322266788,
        0.9328778552,
        0.9328778552,
        0.9328778552,
        0.9328778552,
        1.4260473215,
        1.5366058684,
        1.5366058684,
        1.5366058684,
        1.5366058684,
        2.5593787967,
        2.5593787967,
        2.6437438776,
        2.6437438776,
        2.6437438776,
        2.6437438776,
        2.6560383574,
        2.6560383574,
        2.6560383574,
        2.6560383574,
        2.9606428017,
        2.9606428017,
        2.9606428017,
        2.9606428017,
        3.1422675901,
        3.3805960305,
        3.3805960305,
        3.4663880923,
        3.4663880923,
        3.4663880923,
        3.4663880923,
        3.5103645448,
        3.5103645448,
        3.5103645448,
        3.5103645448,
        5.1745444231,
        5.1745444231,
        5.1745444231,
        5.1745444231,
        5.2910048159,
        5.2910048159,
        5.2910048159,
        5.2910048159,
        5.3151184294,
        5.3151184294,
        5.5831968822,
        5.5831968822,
        5.7568326844,
        5.7568326844,
        5.77791809,
        5.77791809,
        5.77791809,
        5.77791809,
        6.3941412725,
        6.3941412725,
        6.3941412725,
        6.3941412725,
        6.4977245752,
        6.4977245752,
        6.4977245752,
        6.4977245752,
        6.5941719,
        6.5941719,
        6.6767179629,
        6.6767179629,
        6.6767179629,
        6.6767179629,
        6.7637878727,
        6.7637878727,
        6.9903940762,
        6.9903940762,
        7.6164202288,
        7.6164202288,
        7.6538276717,
        7.6538276717,
        7.6538276717,
        7.6538276717,
        7.8106862175,
        7.8106862175,
        8.02596183,
        8.02596183,
        8.02596183,
        8.02596183,
        8.2659923357,
        8.2659923357,
        9.2449628952,
        9.2449628952,
        9.6690149036,
        9.6690149036,
        9.6690149036,
        9.6690149036,
        10.4355172951,
        10.6447325562,
        10.6447325562,
        11.1965054252,
        11.9897420148,
        12.150576846,
        12.150576846,
        12.441892622,
        12.441892622,
        12.441892622,
        12.441892622,
        12.7241763732,
        12.7241763732,
        14.7890913519,
        14.7890913519,
        15.7384069836
    ]
}