{
    "metadata": {
        "last_modified": "2025-01-12T19:18:21.730295",
        "last_modified_by": "growmaster42",
        "parameters": {
            "spin": 2,
            "num_spins": 3,
            "j_ij": 1
        }
    },
    "(2.0, 3, 1.0, 1)": [
        -27.6839506342,
        -27.4338531862,
        -27.4075128812,
        -26.6319680574,
        -26.6316401761,
        -25.3456473616,
        -25.2904208659,
        -23.4811522007,
        -23.480762137,
        -21.1228972993,
        -21.1228910059,
        -18.2461421774,
        -18.2451545532,
        -14.9511525608,
        -14.8778166743,
        -14.7723999364,
        -14.6130126673,
        -14.6130126673,
        -14.501460529,
        -13.7582983167,
        -13.7582983167,
        -13.7578164402,
        -13.7578164402,
        -12.373307911,
        -12.363318405,
        -12.2574481388,
        -12.2487140726,
        -10.3175109338,
        -10.285326548,
        -10.285326548,
        -10.2487660772,
        -7.7127677251,
        -7.7104477372,
        -7.6592769506,
        -7.6569095602,
        -4.3790614093,
        -4.1439427475,
        -4.1439427475,
        -4.0837332553,
        -4.081710149,
        -4.081710149,
        -3.7092905044,
        -3.7092905044,
        -3.3769921261,
        -3.1464923251,
        -3.1309796336,
        -3.1309796336,
        -2.8016664996,
        -2.8016664996,
        -2.4572709395,
        -1.4520285957,
        -1.3319109515,
        -1.3319109515,
        -1.2936440052,
        -1.1909979444,
        -1.1909979444,
        0.5722688798,
        0.836952819,
        1.0479313545,
        1.0479313545,
        1.2319846089,
        1.2319846089,
        4.0392527004,
        4.0392527004,
        4.1879605384,
        4.1879605384,
        4.3025154424,
        4.4765280912,
        4.4831998525,
        4.4831998525,
        4.7792142473,
        5.4836357351,
        5.4836357351,
        5.5474263317,
        5.6485171625,
        5.7233950986,
        5.7233950986,
        5.8542287813,
        5.8542287813,
        6.0119653325,
        6.3020910867,
        7.2686049969,
        7.2686049969,
        7.3671521962,
        7.3713049516,
        7.4729793786,
        7.9705730555,
        8.244175717,
        8.244175717,
        8.7909247118,
        9.6293481711,
        9.6293481711,
        9.6330690945,
        9.6330690945,
        9.8052714376,
        10.7213931109,
        10.7213931109,
        10.7946420007,
        11.0734616135,
        11.0734616135,
        11.6092334997,
        11.6092334997,
        11.6466854168,
        11.788196655,
        12.6708069036,
        12.7823880999,
        12.7823880999,
        13.2041224286,
        13.2041224286,
        13.6185223349,
        13.6185223349,
        13.789981843,
        13.789981843,
        14.9076489164,
        14.9271668382,
        14.9271668382,
        15.7533791906,
        15.7533791906,
        16.0829995819,
        16.1579258145,
        16.9952799023,
        16.9952799023,
        17.1444829138,
        18.2118397158,
        18.3100731441
    ]
}