{
    "metadata": {
        "last_modified": "2025-01-12T19:36:08.649260",
        "last_modified_by": "growmaster42",
        "parameters": {
            "spin": 0.5,
            "num_spins": 5,
            "j_ij": -1
        }
    },
    "(0.5, 5, -1.0, 2)": [
        -3.8522039447,
        -3.8522039447,
        -3.7655291059,
        -3.7655291059,
        -2.3887861706,
        -2.3887861706,
        -2.1577957678,
        -2.1577957678,
        -1.8909483761,
        -1.8909483761,
        -0.878033679,
        -0.878033679,
        -0.878033679,
        -0.878033679,
        0.2855953302,
        0.2855953302,
        0.2855953302,
        0.2855953302,
        0.4232872159,
        0.4232872159,
        1.4843611067,
        1.4843611067,
        1.4843611067,
        1.4843611067,
        2.3122730363,
        2.3122730363,
        2.3122730363,
        2.3122730363,
        2.3531270782,
        2.3531270782,
        4.8704574828,
        4.8704574828
    ]
}