{
    "metadata": {
        "last_modified": "2025-01-12T17:30:41.204905",
        "last_modified_by": "growmaster42",
        "parameters": {
            "spin": 0.5,
            "num_spins": 4,
            "j_ij": 1
        }
    },
    "(0.5, 4, 1.0, 1)": [
        -3.0596840168,
        -2.5295113719,
        -2.5295113719,
        -1.0569041485,
        -0.48164347,
        -0.48164347,
        -0.1557361813,
        -0.1557361812,
        0.0778680906,
        0.0778680906,
        0.0778680906,
        0.0778680906,
        1.368376511,
        2.3737751906,
        2.3737751906,
        4.0229709569
    ]
}