{
    "metadata": {
        "last_modified": "2025-01-12T18:29:28.330583",
        "last_modified_by": "growmaster42",
        "parameters": {
            "spin": 1,
            "num_spins": 6,
            "j_ij": 1
        }
    },
    "(1.0, 6, 1.0, 1)": [
        -25.4151877319,
        -24.4626605312,
        -24.3437747146,
        -23.9163534041,
        -23.4556455355,
        -21.1251254642,
        -20.4248620553,
        -19.7513025546,
        -19.7513025546,
        -19.0811783834,
        -17.954928659,
        -17.954928659,
        -17.6794643286,
        -17.6794643286,
        -17.4214262069,
        -17.3555408264,
        -17.3555408264,
        -17.1227426245,
        -17.0654117082,
        -17.0654117082,
        -16.9186562583,
        -16.9186562583,
        -16.7032392046,
        -16.5698082035,
        -16.5654686216,
        -16.5340272355,
        -16.5340272355,
        -16.5005180708,
        -16.5005180708,
        -16.3626624351,
        -16.0731018009,
        -15.7496400952,
        -15.6613407973,
        -15.6613407973,
        -15.5328253683,
        -15.4464276583,
        -15.2808133461,
        -15.1814017446,
        -15.152669213,
        -15.152669213,
        -14.8573405829,
        -14.8573405829,
        -14.7084750655,
        -14.6593671529,
        -14.6593671529,
        -14.3949295613,
        -14.3949295613,
        -14.3774570447,
        -14.3489416834,
        -14.0633752437,
        -14.0105255226,
        -13.8969927625,
        -13.8740841527,
        -13.8740841527,
        -13.6431647562,
        -13.6431647562,
        -13.2195672058,
        -13.2195672058,
        -13.0967685131,
        -13.0106391563,
        -12.9968672371,
        -12.9968672371,
        -12.1673075636,
        -12.1673075636,
        -12.1560967075,
        -12.1560967075,
        -11.9809267113,
        -11.8838876978,
        -11.8838876978,
        -11.7301032828,
        -11.7221651453,
        -11.5863077866,
        -11.5102129159,
        -11.5102129159,
        -11.4389073157,
        -11.4389073157,
        -11.2429084751,
        -11.2429084751,
        -11.1726232539,
        -11.1726232539,
        -11.1704098342,
        -11.1704098342,
        -11.1417785463,
        -11.1417785463,
        -11.1185670031,
        -11.1185670031,
        -10.9994381487,
        -10.9541611496,
        -10.9541611496,
        -10.8438011019,
        -10.8438011019,
        -10.8118851297,
        -10.8118851297,
        -10.7480280157,
        -10.7480280157,
        -10.7453105781,
        -10.7453105781,
        -10.6917173876,
        -10.6917173876,
        -10.5277696137,
        -10.5277696137,
        -10.4172030767,
        -10.4172030767,
        -10.3093340699,
        -10.3093340699,
        -10.2286335253,
        -9.9726896814,
        -9.9726896814,
        -9.9559544866,
        -9.9166871033,
        -9.9166871033,
        -9.7350670296,
        -9.7350670296,
        -9.6350250304,
        -9.6350250304,
        -9.5617367898,
        -9.5617367898,
        -9.3011090111,
        -9.3011090111,
        -9.2526271388,
        -9.0340132891,
        -8.9590066706,
        -8.9590066706,
        -8.821525401,
        -8.821525401,
        -8.8166579717,
        -8.8166579717,
        -8.5841047383,
        -8.5841047383,
        -8.538887972,
        -8.538887972,
        -8.4801988856,
        -8.339353518,
        -8.1865761102,
        -8.1865761102,
        -8.0772441948,
        -8.0772441948,
        -7.9936992718,
        -7.846974344,
        -7.846974344,
        -7.8410575551,
        -7.7809537546,
        -7.7809537546,
        -7.6723790983,
        -7.6465010089,
        -7.6465010089,
        -7.603257776,
        -7.603257776,
        -7.599570175,
        -7.599570175,
        -7.5735351405,
        -7.5735351405,
        -7.4930405095,
        -7.4930405095,
        -7.4255069507,
        -7.4255069507,
        -7.4252771382,
        -7.348459337,
        -7.348459337,
        -7.3347761277,
        -7.3347761277,
        -7.2420132619,
        -7.2420132619,
        -7.1451895968,
        -7.1451895968,
        -7.1177115459,
        -7.1177115459,
        -7.0873649327,
        -7.0873649327,
        -7.0779859551,
        -7.0779859551,
        -7.020926176,
        -7.020926176,
        -6.8993377232,
        -6.8993377232,
        -6.7806687589,
        -6.7806687589,
        -6.648155628,
        -6.648155628,
        -6.6393941915,
        -6.6393941915,
        -6.6057201391,
        -6.6057201391,
        -6.5873693912,
        -6.1663486553,
        -6.1663486553,
        -6.1567033742,
        -6.1567033742,
        -6.0985570015,
        -6.0985570015,
        -5.7855582343,
        -5.7855582343,
        -5.7660008844,
        -5.7660008844,
        -5.5740097206,
        -5.5740097206,
        -5.5550483758,
        -5.5550483758,
        -5.4454704092,
        -5.4454704092,
        -5.3768805357,
        -5.3768805357,
        -5.3466282945,
        -5.3466282945,
        -5.3286900041,
        -5.2203668477,
        -5.2203668477,
        -5.0832812639,
        -5.0832812639,
        -4.9507988947,
        -4.9507988947,
        -4.9344684037,
        -4.9344684037,
        -4.8733555246,
        -4.8733555246,
        -4.8591433522,
        -4.8333440508,
        -4.8333440508,
        -4.5625584041,
        -4.5625584041,
        -4.5031312493,
        -4.5031312493,
        -4.4210925542,
        -4.4210925542,
        -4.307224933,
        -4.307224933,
        -4.1234719026,
        -4.1234719026,
        -4.0953473647,
        -4.0953473647,
        -4.0816735879,
        -3.8841874082,
        -3.8675522864,
        -3.8675522864,
        -3.8354065369,
        -3.8354065369,
        -3.7760952343,
        -3.7760952343,
        -3.7275179209,
        -3.7275179209,
        -3.7055283211,
        -3.7055283211,
        -3.6263880422,
        -3.6263880422,
        -3.5978684847,
        -3.5978684847,
        -3.5728771635,
        -3.5728771635,
        -3.4882517457,
        -3.4882517457,
        -3.4651144505,
        -3.4651144505,
        -3.4542348881,
        -3.4542348881,
        -3.3843019961,
        -3.3843019961,
        -3.3594537437,
        -3.3594537437,
        -3.3569064277,
        -3.2854132708,
        -3.2854132708,
        -3.2032357132,
        -3.2032357132,
        -3.1840220689,
        -3.1770876101,
        -3.1770876101,
        -3.1546538928,
        -3.1546538928,
        -3.040820516,
        -3.040820516,
        -3.0056130632,
        -3.0056130632,
        -2.9596918207,
        -2.9596918207,
        -2.9225970124,
        -2.7757204888,
        -2.7757204888,
        -2.7451354151,
        -2.7254593289,
        -2.7254593289,
        -2.6804484226,
        -2.6804484226,
        -2.5988608321,
        -2.5988608321,
        -2.2571892524,
        -2.2511893753,
        -2.2511893753,
        -2.1020729248,
        -2.0736445189,
        -2.0362733181,
        -2.0362733181,
        -1.9633002886,
        -1.9633002886,
        -1.8353544739,
        -1.8353544739,
        -1.8318124257,
        -1.8318124257,
        -1.8179529341,
        -1.8179529341,
        -1.8012255342,
        -1.8012255342,
        -1.7811508943,
        -1.7811508943,
        -1.7568301054,
        -1.60257793,
        -1.4349233889,
        -1.3572334408,
        -1.3122029982,
        -1.3122029982,
        -1.240956625,
        -1.240956625,
        -1.2344428378,
        -1.2344428378,
        -1.1494509015,
        -1.1494509015,
        -1.1065016151,
        -1.1065016151,
        -1.0965978942,
        -1.0965978942,
        -0.9963059269,
        -0.9616545267,
        -0.9616545267,
        -0.9511739803,
        -0.9511739803,
        -0.9189921958,
        -0.8924145267,
        -0.8841199974,
        -0.8563607894,
        -0.8563607894,
        -0.8392654036,
        -0.8392654036,
        -0.7725775153,
        -0.7725775153,
