{
    "metadata": {
        "last_modified": "2025-01-12T19:36:31.774569",
        "last_modified_by": "growmaster42",
        "parameters": {
            "spin": 1.5,
            "num_spins": 4,
            "j_ij": -1
        }
    },
    "(1.5, 4, -1.0, 1)": [
        -26.5360784146,
        -26.4015145811,
        -21.1180408119,
        -21.1180408119,
        -19.9479073776,
        -19.9479073776,
        -19.0053357534,
        -17.7330326321,
        -17.7330326321,
        -17.7330326321,
        -17.7330326321,
        -15.6420810817,
        -14.8937364542,
        -14.5780721239,
        -13.8792308146,
        -13.8792308146,
        -12.979329707,
        -12.979329707,
        -12.979329707,
        -12.979329707,
        -12.3084469691,
        -12.3084469691,
        -12.3084469691,
        -12.3084469691,
        -12.2877770568,
        -12.0997528133,
        -11.3807448234,
        -11.3807448234,
        -11.3807448234,
        -11.3807448234,
        -10.2291155337,
        -10.2291155337,
        -10.2284504489,
        -10.2284504489,
        -8.8402851147,
        -8.7492283644,
        -7.9933332394,
        -7.9933332394,
        -7.9933332394,
        -7.9933332394,
        -7.8805529476,
        -7.8805529476,
        -7.7256958919,
        -7.7130833623,
        -7.7130833623,
        -7.45317584,
        -7.45317584,
        -7.45317584,
        -7.45317584,
        -7.2677908946,
        -7.2677908946,
        -6.6928019994,
        -5.9065716405,
        -5.9065716405,
        -5.9065716405,
        -5.9065716405,
        -5.7351486574,
        -5.7351486574,
        -5.5398470538,
        -5.5398470538,
        -5.5007778066,
        -5.4166101609,
        -4.2594201456,
        -4.2594201456,
        -4.2594201456,
        -4.2594201456,
        -3.99899896,
        -3.99899896,
        -3.2445494404,
        -3.2445494404,
        -3.2445494404,
        -3.2445494404,
        -3.1191522757,
        -3.1191522757,
        -3.1191522757,
        -3.1191522757,
        -3.0383065801,
        -3.0383065801,
        -3.0049438298,
        -3.0049438298,
        -2.5067601116,
        -2.4407696293,
        -2.4407696293,
        -2.2397115432,
        -2.2397115432,
        -2.189157053,
        -2.189157053,
        -1.91281117,
        -1.91281117,
        -1.6932919339,
        -1.6932919339,
        -1.6932919339,
        -1.6932919339,
        -1.6070757975,
        -1.6070757975,
        -1.6029972266,
        -1.6029972266,
        -1.5799453757,
        -1.5799453757,
        -1.5799453757,
        -1.5799453757,
        -1.2015064112,
        -1.2015064112,
        -1.2015064112,
        -1.2015064112,
        -1.0658228504,
        -1.0658228504,
        -1.0362179923,
        -1.0362179923,
        -1.0362179923,
        -1.0362179923,
        -0.7756814014,
        -0.7756814014,
        -0.7756814014,
        -0.7756814014,
        -0.5553447519,
        -0.5553447519,
        -0.5553447519,
        -0.5553447519,
        -0.2826725409,
        -0.2826725409,
        -0.2826725409,
        -0.2826725409,
        0.0480664025,
        0.0480664025,
        0.087660287,
        0.087660287,
        0.0904563,
        0.0904563,
        0.1956289393,
        0.1956289393,
        0.1956289393,
        0.1956289393,
        0.2087312752,
        0.2087312752,
        0.2239475171,
        0.2239475171,
        0.2239475171,
        0.2239475171,
        0.5918626432,
        0.5918626432,
        0.6566684377,
        0.6566684377,
        0.6600023528,
        1.0533450476,
        1.0702627419,
        1.5321034178,
        1.5321034178,
        1.5527145537,
        1.5527145537,
        1.5823709335,
        1.6159268079,
        1.6159268079,
        2.2219323753,
        2.2219323753,
        2.2219323753,
        2.2219323753,
        2.5020273823,
        2.5020273823,
        2.5020273823,
        2.5020273823,
        2.5790869945,
        2.7688599947,
        2.7688599947,
        2.8031884721,
        2.8031884721,
        2.8031884721,
        2.8031884721,
        2.9883041879,
        2.9883041879,
        2.9883041879,
        2.9883041879,
        3.1502744675,
        3.1502744675,
        3.1830856248,
        3.1830856248,
        3.1830856248,
        3.1830856248,
        3.2949931916,
        3.2949931916,
        3.316975629,
        4.2117690747,
        4.2117690747,
        4.225883856,
        4.225883856,
        4.225883856,
        4.225883856,
        4.4648301618,
        4.4648301618,
        4.7530553937,
        4.7530553937,
        4.8348137487,
        4.8348137487,
        4.9001411069,
        5.0403043979,
        5.0403043979,
        5.0403043979,
        5.0403043979,
        5.1333377389,
        5.1333377389,
        5.3246135413,
        5.3246135413,
        6.1435866029,
        6.1435866029,
        6.8809207305,
        6.8809207305,
        6.8809207305,
        6.8809207305,
        7.3308547458,
        7.3308547458,
        7.3308547458,
        7.3308547458,
        7.6556571331,
        7.85264868,
        7.85264868,
        7.85264868,
        7.85264868,
        7.9148191282,
        7.9148191282,
        7.9148191282,
        7.9148191282,
        8.0271295427,
        8.3571536626,
        8.399569458,
        8.8081951179,
        8.8081951179,
        10.1412598363,
        10.1412598363,
        10.7455683677,
        10.7455683677,
        10.7455683677,
        10.7455683677,
        11.4466558797,
        12.054889464,
        12.4333826111,
        12.4333826111,
        12.4447354948,
        12.4447354948,
        12.526135205,
        12.526135205,
        13.3419840577,
        13.476289788,
        13.476289788,
        13.9655658243,
        15.6554825804,
        15.6554825804,
        16.4640898824,
        16.4640898824,
        16.4640898824,
        16.4640898824,
        18.3655799659,
        18.4584726046,
        21.9903992794,
        21.9903992794,
        26.3639677321,
        26.3936661073
    ]
}