{
    "metadata": {
        "last_modified": "2025-01-12T19:36:08.283984",
        "last_modified_by": "growmaster42",
        "parameters": {
            "spin": 1.5,
            "num_spins": 2,
            "j_ij": -1
        }
    },
    "(1.5, 2, -1.0, 1)": [
        -15.0671561263,
        -11.5393042197,
        -11.5393042197,
        -9.9566493859,
        -3.9344170875,
        -3.9344170875,
        -2.5327914563,
        -2.5327914562,
        -1.9984267862,
        7.5983743687,
        7.5983743688,
        9.0,
        9.0,
        9.8507765822,
        9.8507765822,
        10.1369559234
    ]
}