{
    "metadata": {
        "last_modified": "2025-01-12T17:30:41.528318",
        "last_modified_by": "growmaster42",
        "parameters": {
            "spin": 0.5,
            "num_spins": 5,
            "j_ij": 1
        }
    },
    "(0.5, 5, 1.0, 2)": [
        -4.5240558108,
        -4.5240558108,
        -2.9861612695,
        -2.9861612695,
        -2.1119108705,
        -2.1119108705,
        -1.9021935684,
        -1.9021935684,
        -1.9021935684,
        -1.9021935684,
        -0.9553762927,
        -0.9553762927,
        -0.9553762927,
        -0.9553762927,
        0.1602716877,
        0.1602716877,
        0.1602716877,
        0.1602716877,
        0.4175487788,
        0.4175487788,
        0.4175487788,
        0.4175487788,
        1.9447368298,
        1.9447368298,
        1.9447368298,
        1.9447368298,
        2.7167530319,
        2.7167530319,
        3.7029818542,
        3.7029818542,
        3.8724181944,
        3.8724181944
    ]
}