{
    "metadata": {
        "last_modified": "2025-01-12T18:27:23.567064",
        "last_modified_by": "growmaster42",
        "parameters": {
            "spin": 1,
            "num_spins": 4,
            "j_ij": 1
        }
    },
    "(1.0, 4, 1.0, 1)": [
        -11.011757607,
        -10.5342736118,
        -10.5342736118,
        -9.2886569473,
        -8.7601883871,
        -6.2454410721,
        -6.2454410721,
        -5.2039329283,
        -5.2039329283,
        -5.2039329283,
        -5.2039329283,
        -4.7776411752,
        -4.7776411752,
        -3.8724895048,
        -3.8724895048,
        -3.4410046988,
        -3.166516607,
        -3.166516607,
        -2.4449917894,
        -2.4449917894,
        -2.3208794517,
        -1.9083081187,
        -1.9083081187,
        -1.9083081187,
        -1.9083081187,
        -1.6145453656,
        -1.6145453656,
        -1.5970776293,
        -1.4095569463,
        -1.4095569463,
        -1.4095569463,
        -1.4095569463,
        -1.126904552,
        -1.126904552,
        -0.8170546493,
        -0.6701723646,
        -0.6276057872,
        -0.6276057872,
        -0.2111485422,
        -0.2111485422,
        -0.2111485422,
        -0.2111485422,
        -0.109323878,
        -0.0970334726,
        0.3180194311,
        0.623252105,
        1.0341431893,
        1.0341431893,
        1.2874275037,
        1.2874275037,
        1.4924781427,
        1.4924781427,
        1.4924781427,
        1.4924781427,
        1.716221151,
        1.716221151,
        1.8651778705,
        1.8651778705,
        1.8651778705,
        1.8651778705,
        1.9362447524,
        1.9362447524,
        1.9362447524,
        1.9362447524,
        2.638293196,
        2.638293196,
        4.1353475295,
        5.2724586375,
        5.2724586375,
        5.4983520508,
        5.4983520508,
        5.7993688179,
        5.7993688179,
        5.7993688179,
        5.7993688179,
        7.1189336387,
        7.3086672493,
        8.7704145663,
        10.9862173173,
        10.9862173173,
        12.3518152132
    ]
}