{
    "metadata": {
        "last_modified": "2025-01-12T19:36:08.385644",
        "last_modified_by": "growmaster42",
        "parameters": {
            "spin": 1.0,
            "num_spins": 3,
            "j_ij": -1
        }
    },
    "(1.0, 3, -1.0, 1)": [
        -6.0,
        -4.6794033934,
        -4.3900925921,
        -4.1988616118,
        -4.1988616118,
        -3.9572486309,
        -3.9572486309,
        -3.6196864539,
        -3.6196864539,
        -3.5596842187,
        -0.7193146221,
        -0.7193145966,
        -0.3825082281,
        -0.3225923886,
        -0.3225923886,
        -0.2647393266,
        0.7193146024,
        0.7193146163,
        0.7205939524,
        0.7205939524,
        4.8631536532,
        5.1428561816,
        5.1486823134,
        6.0,
        6.000248296,
        7.415278765,
        7.4617988154
    ]
}