{
    "metadata": {
        "last_modified": "2025-01-12T18:27:22.943951",
        "last_modified_by": "growmaster42",
        "parameters": {
            "spin": 1,
            "num_spins": 3,
            "j_ij": 1
        }
    },
    "(1.0, 3, 1.0, 1)": [
        -7.1618719076,
        -6.8736543874,
        -6.8680631472,
        -6.0000285995,
        -6.0,
        -4.6005130959,
        -4.5215056291,
        -0.7193146109,
        -0.7193146078,
        -0.4528310465,
        -0.3911739526,
        -0.3911739526,
        -0.3189310234,
        0.7128626644,
        0.7128626644,
        0.7193146078,
        0.7193146108,
        3.4398823945,
        3.6129995278,
        3.6129995278,
        3.7192747756,
        3.7192747756,
        4.2976256271,
        4.4002279592,
        4.4002279592,
        4.9515088661,
        6.0
    ]
}