{
    "metadata": {
        "last_modified": "2025-01-12T19:36:08.239308",
        "last_modified_by": "growmaster42",
        "parameters": {
            "spin": 0.5,
            "num_spins": 2,
            "j_ij": -1
        }
    },
    "(0.5, 2, -1.0, 1)": [
        -3.0,
        0.8442638187,
        0.8442638187,
        1.3114723625
    ]
}