{
    "metadata": {
        "last_modified": "2025-01-12T19:11:05.507284",
        "last_modified_by": "growmaster42",
        "parameters": {
            "spin": 1.5,
            "num_spins": 4,
            "j_ij": 1
        }
    },
    "(1.5, 4, 1.0, 1)": [
        -24.0013474299,
        -23.5563575301,
        -23.5563575301,
        -22.4135643954,
        -21.9450324035,
        -19.8527784649,
        -19.8527784649,
        -16.6361219835,
        -16.3882922666,
        -15.4819252556,
        -15.4819252556,
        -15.4819252556,
        -15.4819252556,
        -15.0225136038,
        -15.0225136038,
        -15.0225136038,
        -15.0225136038,
        -14.485162868,
        -14.485162868,
        -11.9883635153,
        -11.9883635153,
        -11.735230484,
        -11.735230484,
        -11.735230484,
        -11.735230484,
        -10.9802114298,
        -10.4498776767,
        -10.4498776767,
        -9.7944714662,
        -9.0525642636,
        -8.8644374545,
        -8.8644374545,
        -8.8602467282,
        -8.7969596708,
        -8.7969596708,
        -8.7969596708,
        -8.7969596708,
        -8.2722705063,
        -8.2722705063,
        -8.2048627144,
        -8.2048627144,
        -7.7689161552,
        -7.7280161049,
        -7.5138804249,
        -7.5138804249,
        -6.8157505539,
        -6.389020468,
        -6.389020468,
        -6.389020468,
        -6.389020468,
        -6.0886642564,
        -6.0886642564,
        -5.8537219858,
        -5.8537219858,
        -5.8537219858,
        -5.8537219858,
        -5.719110515,
        -5.6958728218,
        -5.6958728218,
        -5.4209638068,
        -5.4209638068,
        -5.4209638068,
        -5.4209638068,
        -4.5390888746,
        -4.5390888746,
        -4.5390888746,
        -4.5390888746,
        -4.226483815,
        -4.226483815,
        -4.226483815,
        -4.226483815,
        -4.0454920836,
        -3.7527120568,
        -3.7527120568,
        -3.7527120568,
        -3.7527120568,
        -3.590934305,
        -3.4152818483,
        -3.4152818483,
        -3.4152818483,
        -3.4152818483,
        -3.0110518601,
        -3.0110518601,
        -2.9180832557,
        -2.9180832557,
        -2.9180832557,
        -2.9180832557,
        -2.5532248378,
        -2.5532248378,
        -2.5532248378,
        -2.5532248378,
        -2.5024797171,
        -2.5024797171,
        -2.5024797171,
        -2.5024797171,
        -2.3602970962,
        -2.2249784203,
        -2.2249784203,
        -2.1616426507,
        -2.1616426507,
        -1.8801552643,
        -1.8801552643,
        -1.7531474215,
        -1.7531474215,
        -1.567961354,
        -1.567961354,
        -1.4005220436,
        -1.1798232422,
        -1.1798232422,
        -1.1798232422,
        -1.1798232422,
        -0.8538644181,
        -0.8538644181,
        -0.7798554703,
        -0.7737932079,
        -0.7737932079,
        -0.6475825981,
        -0.6475825981,
        -0.3846714768,
        -0.3846714768,
        -0.2418630579,
        -0.2418630579,
        -0.2418630579,
        -0.2418630579,
        -0.1237940778,
        -0.0478827869,
        -0.0478827869,
        0.0676025053,
        0.0676025053,
        0.2017281078,
        0.2017281078,
        0.2017281078,
        0.2017281078,
        0.4147055433,
        0.4147055433,
        0.5960207836,
        0.5960207836,
        0.5960207836,
        0.5960207836,
        0.9122405735,
        0.9122405735,
        0.9122405735,
        0.9122405735,
        0.9167001419,
        0.9167001419,
        0.9168652557,
        0.9168652557,
        0.9400017473,
        1.1648099983,
        1.1648099983,
        1.1648099983,
        1.1648099983,
        1.7041243559,
        1.7041243559,
        1.7041243559,
        1.7041243559,
        1.7463804994,
        1.7463804994,
        1.7463804994,
        1.7463804994,
        1.8020985532,
        1.8629259782,
        1.8629259782,
        1.892992558,
        2.2119005174,
        2.2119005174,
        2.5862102992,
        2.7205543889,
        2.7205543889,
        2.8877954223,
        2.8918883486,
        2.8918883486,
        2.8918883486,
        2.8918883486,
        3.0567679532,
        3.0567679532,
        3.0567679532,
        3.0567679532,
        3.186752174,
        3.186752174,
        3.6594142059,
        3.6594142059,
        3.6594142059,
        3.6594142059,
        3.8002848833,
        3.8002848833,
        4.0504940732,
        4.0504940732,
        4.1056512399,
        4.1056512399,
        4.1056512399,
        4.1056512399,
        4.1830523697,
        4.1830523697,
        4.1830523697,
        4.1830523697,
        4.7543602893,
        4.7543602893,
        4.7543602893,
        4.7543602893,
        6.3449970827,
        6.3449970827,
        6.8983312356,
        6.8983312356,
        7.0516828277,
        7.0516828277,
        7.3436313727,
        7.6916335106,
        7.7290908656,
        7.8424475916,
        7.8424475916,
        8.0433990598,
        8.0433990598,
        8.0433990598,
        8.0433990598,
        8.231972917,
        8.231972917,
        8.4624958058,
        9.1182935609,
        9.2634735558,
        9.2634735558,
        9.2634735558,
        9.2634735558,
        9.2875642402,
        9.2875642402,
        9.4722353317,
        9.4722353317,
        10.4244872631,
        10.4244872631,
        10.4244872631,
        10.4244872631,
        11.093438811,
        11.093438811,
        11.849001486,
        11.9418271784,
        12.4553545449,
        12.4553545449,
        14.7958279875,
        14.9870935056,
        14.9870935056,
        14.9870935056,
        14.9870935056,
        15.1171364257,
        15.1171364257,
        16.0504328316,
        16.0504328316,
        16.0504328316,
        16.0504328316,
        17.2960190398,
        17.2960190398,
        18.8264991783,
        20.6611713256,
        21.5292893936,
        24.1413810831,
        24.1413810831,
        25.2787108844
    ]
}