{
    "metadata": {
        "last_modified": "2025-01-12T17:30:43.305892",
        "last_modified_by": "growmaster42",
        "parameters": {
            "spin": 0.5,
            "num_spins": 6,
            "j_ij": 1
        }
    },
    "(0.5, 6, 1.0, 1)": [
        -7.3181311553,
        -7.2839787119,
        -5.0749452602,
        -4.9164983596,
        -4.5197524208,
        -4.0544819851,
        -3.704177086,
        -3.2925835136,
        -3.2429901358,
        -3.2429901358,
        -3.1554697132,
        -3.1554697132,
        -2.9036619704,
        -2.9036619704,
        -2.8935132979,
        -2.6029490313,
        -2.448969914,
        -1.9454011631,
        -1.8952048606,
        -1.8952048606,
        -1.8718255996,
        -1.6118078572,
        -1.5767943023,
        -1.4943070092,
        -1.4943070092,
        -1.2388854637,
        -0.9382839894,
        -0.9382839894,
        -0.7437433786,
        -0.6743541619,
        -0.6266685379,
        0.1557361812,
        0.1557361813,
        0.5878611607,
        0.9855461023,
        0.9855461023,
        1.6163797998,
        1.6716690847,
        1.6716690847,
        1.6813029318,
        1.8063994233,
        1.8882666648,
        1.9189556706,
        1.9189556706,
        1.9454011631,
        2.2084006519,
        2.4716848126,
        2.5183663825,
        2.5183663825,
        2.5993967548,
        2.5993967548,
        2.6029490313,
        2.7256288841,
        2.7256288841,
        2.8935132979,
        3.6040558761,
        3.9580196511,
        3.9971861434,
        3.9971861434,
        4.1992258274,
        4.2327133094,
        4.4588833805,
        5.9289226479,
        6.4303465197
    ]
}