{
    "metadata": {
        "last_modified": "2025-01-12T19:36:08.330130",
        "last_modified_by": "growmaster42",
        "parameters": {
            "spin": 2.0,
            "num_spins": 2,
            "j_ij": -1
        }
    },
    "(2.0, 2, -1.0, 1)": [
        -24.1810451545,
        -20.847981864,
        -20.847981864,
        -18.4434034569,
        -13.3419963977,
        -13.3419963977,
        -11.3473774664,
        -11.3473774664,
        -10.5021404662,
        -1.868834175,
        -1.868834175,
        -0.0,
        0.0,
        1.1594542265,
        1.1594542265,
        1.5581270819,
        13.5082211,
        13.5082211,
        15.377055275,
        15.377055275,
        16.7190516727,
        16.7190516727,
        17.5276840039,
        17.5276840039,
        17.7979092457
    ]
}