{
    "metadata": {
        "last_modified": "2025-01-12T19:36:08.297315",
        "last_modified_by": "growmaster42",
        "parameters": {
            "spin": 0.5,
            "num_spins": 4,
            "j_ij": -1
        }
    },
    "(0.5, 4, -1.0, 1)": [
        -4.0324611438,
        -2.76287849,
        -1.6547787614,
        -1.6547787614,
        -0.1557361813,
        -0.1557361812,
        0.0778680906,
        0.0778680906,
        0.0778680906,
        0.0778680906,
        0.9957480839,
        1.4990425802,
        1.4990425802,
        1.51835653,
        1.51835653,
        3.0743508525
    ]
}